-- phpMyAdmin SQL Dump
-- version 4.8.1
-- https://www.phpmyadmin.net/
--
-- Servidor: 127.0.0.1
-- Tiempo de generación: 30-04-2019 a las 20:21:48
-- Versión del servidor: 10.1.33-MariaDB
-- Versión de PHP: 7.2.6

SET SQL_MODE = "NO_AUTO_VALUE_ON_ZERO";
SET AUTOCOMMIT = 0;
START TRANSACTION;
SET time_zone = "+00:00";


/*!40101 SET @OLD_CHARACTER_SET_CLIENT=@@CHARACTER_SET_CLIENT */;
/*!40101 SET @OLD_CHARACTER_SET_RESULTS=@@CHARACTER_SET_RESULTS */;
/*!40101 SET @OLD_COLLATION_CONNECTION=@@COLLATION_CONNECTION */;
/*!40101 SET NAMES utf8mb4 */;

--
-- Base de datos: `mirennayv2`
--

-- --------------------------------------------------------

--
-- Estructura de tabla para la tabla `categoria`
--

CREATE TABLE `categoria` (
  `id_categoria` int(11) NOT NULL,
  `categoria` varchar(150) NOT NULL,
  `imagen_principal` varchar(100) DEFAULT NULL,
  `fecha_alta` datetime NOT NULL,
  `activo` bit(1) NOT NULL
) ENGINE=InnoDB DEFAULT CHARSET=utf8;

--
-- Volcado de datos para la tabla `categoria`
--

INSERT INTO `categoria` (`id_categoria`, `categoria`, `imagen_principal`, `fecha_alta`, `activo`) VALUES
(1, 'Electronicos', '08-43fondoPantalla1.jpg.webp', '2019-04-26 00:44:00', b'1'),
(2, 'Accesorios', '36-55Fondo de escritorio.jpg.webp', '2019-04-26 00:00:00', b'1'),
(3, 'Ropas', '45-14grrrt.jpg.webp', '2019-04-26 00:00:00', b'1');

-- --------------------------------------------------------

--
-- Estructura de tabla para la tabla `empleado`
--

CREATE TABLE `empleado` (
  `id_empleado` int(11) NOT NULL,
  `id_rol` int(11) NOT NULL,
  `nombre` varchar(150) NOT NULL,
  `apellido_materno` varchar(150) NOT NULL,
  `apellido_paterno` varchar(150) NOT NULL,
  `nss` varchar(25) DEFAULT NULL,
  `salario` float DEFAULT NULL,
  `empleado` varchar(150) NOT NULL,
  `password` varchar(200) NOT NULL,
  `correo` varchar(150) NOT NULL,
  `celular` varchar(12) NOT NULL,
  `imagen` varchar(150) NOT NULL,
  `password_modificacion_activo` bit(1) DEFAULT NULL,
  `codigo_verificacion` varchar(150) DEFAULT NULL,
  `password_modificacion` varchar(150) DEFAULT NULL,
  `fecha_limite_verificacion` datetime DEFAULT NULL,
  `fecha_inicio` datetime DEFAULT NULL,
  `fecha_fin` datetime DEFAULT NULL,
  `fecha_alta` datetime NOT NULL,
  `activo` bit(1) NOT NULL
) ENGINE=InnoDB DEFAULT CHARSET=utf8;

--
-- Volcado de datos para la tabla `empleado`
--

INSERT INTO `empleado` (`id_empleado`, `id_rol`, `nombre`, `apellido_materno`, `apellido_paterno`, `nss`, `salario`, `empleado`, `password`, `correo`, `celular`, `imagen`, `password_modificacion_activo`, `codigo_verificacion`, `password_modificacion`, `fecha_limite_verificacion`, `fecha_inicio`, `fecha_fin`, `fecha_alta`, `activo`) VALUES
(1, 1, 'Rigoberto', 'Villa', 'Rodríguez', 'AJP125879H', 120, 'rigoBoykaa42', '$2y$15$avn79wKyDtbHzZWi6QtN3.BJI2HGXAkWEKYnVnYSHIUwdKGctaWa2', 'rigoberto.villa42@gmail.com', '3231153678', '', NULL, NULL, NULL, NULL, NULL, NULL, '2019-04-26 00:00:00', b'1');

-- --------------------------------------------------------

--
-- Estructura de tabla para la tabla `empresa`
--

CREATE TABLE `empresa` (
  `id_empresa` int(11) NOT NULL,
  `empresa` varchar(100) NOT NULL,
  `direccion` varchar(100) NOT NULL,
  `celular` varchar(15) DEFAULT NULL,
  `correo` varchar(60) DEFAULT NULL,
  `observacion` text,
  `fecha_alta` datetime NOT NULL,
  `activo` bit(1) NOT NULL
) ENGINE=InnoDB DEFAULT CHARSET=utf8;

--
-- Volcado de datos para la tabla `empresa`
--

INSERT INTO `empresa` (`id_empresa`, `empresa`, `direccion`, `celular`, `correo`, `observacion`, `fecha_alta`, `activo`) VALUES
(1, 'MIRENNAY', 'Calle francisco villa #27', '3231153678', 'rigoberto.villa42@gmail.com', '¡La mejor!', '2019-04-26 00:00:00', b'1');

-- --------------------------------------------------------

--
-- Estructura de tabla para la tabla `estado`
--

CREATE TABLE `estado` (
  `id_estado` int(11) NOT NULL,
  `estado` varchar(100) NOT NULL,
  `abreviatura` varchar(10) NOT NULL,
  `pais` varchar(10) DEFAULT NULL
) ENGINE=InnoDB DEFAULT CHARSET=utf8;

--
-- Volcado de datos para la tabla `estado`
--

INSERT INTO `estado` (`id_estado`, `estado`, `abreviatura`, `pais`) VALUES
(1, 'Aguascalientes', 'Ags.', 'MX'),
(2, 'Baja California', 'BC', 'MX'),
(3, 'Baja California Sur', 'BCS', 'MX'),
(4, 'Campeche', 'Camp.', 'MX'),
(5, 'Coahuila de Zaragoza', 'Coah.', 'MX'),
(6, 'Colima', 'Col.', 'MX'),
(7, 'Chiapas', 'Chis.', 'MX'),
(8, 'Chihuahua', 'Chih.', 'MX'),
(9, 'Distrito Federal', 'DF', 'MX'),
(10, 'Durango', 'Dgo.', 'MX'),
(11, 'Guanajuato', 'Gto.', 'MX'),
(12, 'Guerrero', 'Gro.', 'MX'),
(13, 'Hidalgo', 'Hgo.', 'MX'),
(14, 'Jalisco', 'Jal.', 'MX'),
(15, 'México', 'Mex.', 'MX'),
(16, 'Michoacán de Ocampo', 'Mich.', 'MX'),
(17, 'Morelos', 'Mor.', 'MX'),
(18, 'Nayarit', 'Nay.', 'MX'),
(19, 'Nuevo León', 'NL', 'MX'),
(20, 'Oaxaca', 'Oax.', 'MX'),
(21, 'Puebla', 'Pue.', 'MX'),
(22, 'Querétaro', 'Qro.', 'MX'),
(23, 'Quintana Roo', 'Q. Roo', 'MX'),
(24, 'San Luis Potosí', 'SLP', 'MX'),
(25, 'Sinaloa', 'Sin.', 'MX'),
(26, 'Sonora', 'Son.', 'MX'),
(27, 'Tabasco', 'Tab.', 'MX'),
(28, 'Tamaulipas', 'Tamps.', 'MX'),
(29, 'Tlaxcala', 'Tlax.', 'MX'),
(30, 'Veracruz de Ignacio de la Llave', 'Ver.', 'MX'),
(31, 'Yucatán', 'Yuc.', 'MX'),
(32, 'Zacatecas', 'Zac.', 'MX');

-- --------------------------------------------------------

--
-- Estructura de tabla para la tabla `municipio`
--

CREATE TABLE `municipio` (
  `id_municipio` int(11) NOT NULL,
  `id_estado` int(11) NOT NULL,
  `municipio` varchar(100) NOT NULL,
  `nom_cab` varchar(100) DEFAULT NULL
) ENGINE=InnoDB DEFAULT CHARSET=utf8;

--
-- Volcado de datos para la tabla `municipio`
--

INSERT INTO `municipio` (`id_municipio`, `id_estado`, `municipio`, `nom_cab`) VALUES
(1, 1, 'Aguascalientes', 'Aguascalientes'),
(2, 1, 'Asientos', 'Asientos'),
(3, 1, 'Calvillo', 'Calvillo'),
(4, 1, 'Cosío', 'Cosío'),
(5, 1, 'Jesús María', 'Jesús María'),
(6, 1, 'Pabellón de Arteaga', 'Pabellón de Arteaga'),
(7, 1, 'Rincón de Romos', 'Rincón de Romos'),
(8, 1, 'San José de Gracia', 'San José de Gracia'),
(9, 1, 'Tepezalá', 'Tepezalá'),
(10, 1, 'El Llano', 'Palo Alto'),
(11, 1, 'San Francisco de los Romo', 'San Francisco de los Romo'),
(12, 2, 'Ensenada', 'Ensenada'),
(13, 2, 'Mexicali', 'Mexicali'),
(14, 2, 'Tecate', 'Tecate'),
(15, 2, 'Tijuana', 'Tijuana'),
(16, 2, 'Playas de Rosarito', 'Playas de Rosarito'),
(17, 3, 'Comondú', 'Ciudad Constitución'),
(18, 3, 'Mulegé', 'Santa Rosalía'),
(19, 3, 'La Paz', 'La Paz'),
(20, 3, 'Los Cabos', 'San José del Cabo'),
(21, 3, 'Loreto', 'Loreto'),
(22, 4, 'Calkiní', 'Calkiní'),
(23, 4, 'Campeche', 'San Francisco de Campeche'),
(24, 4, 'Carmen', 'Ciudad del Carmen'),
(25, 4, 'Champotón', 'Champotón'),
(26, 4, 'Hecelchakán', 'Hecelchakán'),
(27, 4, 'Hopelchén', 'Hopelchén'),
(28, 4, 'Palizada', 'Palizada'),
(29, 4, 'Tenabo', 'Tenabo'),
(30, 4, 'Escárcega', 'Escárcega'),
(31, 4, 'Calakmul', 'Xpujil'),
(32, 4, 'Candelaria', 'Candelaria'),
(33, 5, 'Abasolo', 'Abasolo'),
(34, 5, 'Acuña', 'Ciudad Acuña'),
(35, 5, 'Allende', 'Allende'),
(36, 5, 'Arteaga', 'Arteaga'),
(37, 5, 'Candela', 'Candela'),
(38, 5, 'Castaños', 'Castaños'),
(39, 5, 'Cuatro Ciénegas', 'Cuatro Ciénegas de Carranza'),
(40, 5, 'Escobedo', 'Escobedo'),
(41, 5, 'Francisco I. Madero', 'Francisco I. Madero (Chávez)'),
(42, 5, 'Frontera', 'Frontera'),
(43, 5, 'General Cepeda', 'General Cepeda'),
(44, 5, 'Guerrero', 'Guerrero'),
(45, 5, 'Hidalgo', 'Hidalgo'),
(46, 5, 'Jiménez', 'Jiménez'),
(47, 5, 'Juárez', 'Juárez'),
(48, 5, 'Lamadrid', 'Lamadrid'),
(49, 5, 'Matamoros', 'Matamoros'),
(50, 5, 'Monclova', 'Monclova'),
(51, 5, 'Morelos', 'Morelos'),
(52, 5, 'Múzquiz', 'Ciudad Melchor Múzquiz'),
(53, 5, 'Nadadores', 'Nadadores'),
(54, 5, 'Nava', 'Nava'),
(55, 5, 'Ocampo', 'Ocampo'),
(56, 5, 'Parras', 'Parras de la Fuente'),
(57, 5, 'Piedras Negras', 'Piedras Negras'),
(58, 5, 'Progreso', 'Progreso'),
(59, 5, 'Ramos Arizpe', 'Ramos Arizpe'),
(60, 5, 'Sabinas', 'Sabinas'),
(61, 5, 'Sacramento', 'Sacramento'),
(62, 5, 'Saltillo', 'Saltillo'),
(63, 5, 'San Buenaventura', 'San Buenaventura'),
(64, 5, 'San Juan de Sabinas', 'Nueva Rosita'),
(65, 5, 'San Pedro', 'San Pedro'),
(66, 5, 'Sierra Mojada', 'Sierra Mojada'),
(67, 5, 'Torreón', 'Torreón'),
(68, 5, 'Viesca', 'Viesca'),
(69, 5, 'Villa Unión', 'Villa Unión'),
(70, 5, 'Zaragoza', 'Zaragoza'),
(71, 6, 'Armería', 'Ciudad de Armería'),
(72, 6, 'Colima', 'Colima'),
(73, 6, 'Comala', 'Comala'),
(74, 6, 'Coquimatlán', 'Coquimatlán'),
(75, 6, 'Cuauhtémoc', 'Cuauhtémoc'),
(76, 6, 'Ixtlahuacán', 'Ixtlahuacán'),
(77, 6, 'Manzanillo', 'Manzanillo'),
(78, 6, 'Minatitlán', 'Minatitlán'),
(79, 6, 'Tecomán', 'Tecomán'),
(80, 6, 'Villa de Álvarez', 'Ciudad de Villa de Álvarez'),
(81, 7, 'Acacoyagua', 'Acacoyagua'),
(82, 7, 'Acala', 'Acala'),
(83, 7, 'Acapetahua', 'Acapetahua'),
(84, 7, 'Altamirano', 'Altamirano'),
(85, 7, 'Amatán', 'Amatán'),
(86, 7, 'Amatenango de la Frontera', 'Amatenango de la Frontera'),
(87, 7, 'Amatenango del Valle', 'Amatenango del Valle'),
(88, 7, 'Angel Albino Corzo', 'Jaltenango de la Paz (Angel Albino Corzo)'),
(89, 7, 'Arriaga', 'Arriaga'),
(90, 7, 'Bejucal de Ocampo', 'Bejucal de Ocampo'),
(91, 7, 'Bella Vista', 'Bella Vista'),
(92, 7, 'Berriozábal', 'Berriozábal'),
(93, 7, 'Bochil', 'Bochil'),
(94, 7, 'El Bosque', 'El Bosque'),
(95, 7, 'Cacahoatán', 'Cacahoatán'),
(96, 7, 'Catazajá', 'Catazajá'),
(97, 7, 'Cintalapa', 'Cintalapa de Figueroa'),
(98, 7, 'Coapilla', 'Coapilla'),
(99, 7, 'Comitán de Domínguez', 'Comitán de Domínguez'),
(100, 7, 'La Concordia', 'La Concordia'),
(101, 7, 'Copainalá', 'Copainalá'),
(102, 7, 'Chalchihuitán', 'Chalchihuitán'),
(103, 7, 'Chamula', 'Chamula'),
(104, 7, 'Chanal', 'Chanal'),
(105, 7, 'Chapultenango', 'Chapultenango'),
(106, 7, 'Chenalhó', 'Chenalhó'),
(107, 7, 'Chiapa de Corzo', 'Chiapa de Corzo'),
(108, 7, 'Chiapilla', 'Chiapilla'),
(109, 7, 'Chicoasén', 'Chicoasén'),
(110, 7, 'Chicomuselo', 'Chicomuselo'),
(111, 7, 'Chilón', 'Chilón'),
(112, 7, 'Escuintla', 'Escuintla'),
(113, 7, 'Francisco León', 'Rivera el Viejo Carmen'),
(114, 7, 'Frontera Comalapa', 'Frontera Comalapa'),
(115, 7, 'Frontera Hidalgo', 'Frontera Hidalgo'),
(116, 7, 'La Grandeza', 'La Grandeza'),
(117, 7, 'Huehuetán', 'Huehuetán'),
(118, 7, 'Huixtán', 'Huixtán'),
(119, 7, 'Huitiupán', 'Huitiupán'),
(120, 7, 'Huixtla', 'Huixtla'),
(121, 7, 'La Independencia', 'La Independencia'),
(122, 7, 'Ixhuatán', 'Ixhuatán'),
(123, 7, 'Ixtacomitán', 'Ixtacomitán'),
(124, 7, 'Ixtapa', 'Ixtapa'),
(125, 7, 'Ixtapangajoya', 'Ixtapangajoya'),
(126, 7, 'Jiquipilas', 'Jiquipilas'),
(127, 7, 'Jitotol', 'Jitotol'),
(128, 7, 'Juárez', 'Juárez'),
(129, 7, 'Larráinzar', 'Larráinzar'),
(130, 7, 'La Libertad', 'La Libertad'),
(131, 7, 'Mapastepec', 'Mapastepec'),
(132, 7, 'Las Margaritas', 'Las Margaritas'),
(133, 7, 'Mazapa de Madero', 'Mazapa de Madero'),
(134, 7, 'Mazatán', 'Mazatán'),
(135, 7, 'Metapa', 'Metapa de Domínguez'),
(136, 7, 'Mitontic', 'Mitontic'),
(137, 7, 'Motozintla', 'Motozintla de Mendoza'),
(138, 7, 'Nicolás Ruíz', 'Nicolás Ruíz'),
(139, 7, 'Ocosingo', 'Ocosingo'),
(140, 7, 'Ocotepec', 'Ocotepec'),
(141, 7, 'Ocozocoautla de Espinosa', 'Ocozocoautla de Espinosa'),
(142, 7, 'Ostuacán', 'Ostuacán'),
(143, 7, 'Osumacinta', 'Osumacinta'),
(144, 7, 'Oxchuc', 'Oxchuc'),
(145, 7, 'Palenque', 'Palenque'),
(146, 7, 'Pantelhó', 'Pantelhó'),
(147, 7, 'Pantepec', 'Pantepec'),
(148, 7, 'Pichucalco', 'Pichucalco'),
(149, 7, 'Pijijiapan', 'Pijijiapan'),
(150, 7, 'El Porvenir', 'El Porvenir de Velasco Suárez'),
(151, 7, 'Villa Comaltitlán', 'Villa Comaltitlán'),
(152, 7, 'Pueblo Nuevo Solistahuacán', 'Pueblo Nuevo Solistahuacán'),
(153, 7, 'Rayón', 'Rayón'),
(154, 7, 'Reforma', 'Reforma'),
(155, 7, 'Las Rosas', 'Las Rosas'),
(156, 7, 'Sabanilla', 'Sabanilla'),
(157, 7, 'Salto de Agua', 'Salto de Agua'),
(158, 7, 'San Cristóbal de las Casas', 'San Cristóbal de las Casas'),
(159, 7, 'San Fernando', 'San Fernando'),
(160, 7, 'Siltepec', 'Siltepec'),
(161, 7, 'Simojovel', 'Simojovel de Allende'),
(162, 7, 'Sitalá', 'Sitalá'),
(163, 7, 'Socoltenango', 'Socoltenango'),
(164, 7, 'Solosuchiapa', 'Solosuchiapa'),
(165, 7, 'Soyaló', 'Soyaló'),
(166, 7, 'Suchiapa', 'Suchiapa'),
(167, 7, 'Suchiate', 'Ciudad Hidalgo'),
(168, 7, 'Sunuapa', 'Sunuapa'),
(169, 7, 'Tapachula', 'Tapachula de Córdova y Ordóñez'),
(170, 7, 'Tapalapa', 'Tapalapa'),
(171, 7, 'Tapilula', 'Tapilula'),
(172, 7, 'Tecpatán', 'Tecpatán'),
(173, 7, 'Tenejapa', 'Tenejapa'),
(174, 7, 'Teopisca', 'Teopisca'),
(175, 7, 'Tila', 'Tila'),
(176, 7, 'Tonalá', 'Tonalá'),
(177, 7, 'Totolapa', 'Totolapa'),
(178, 7, 'La Trinitaria', 'La Trinitaria'),
(179, 7, 'Tumbalá', 'Tumbalá'),
(180, 7, 'Tuxtla Gutiérrez', 'Tuxtla Gutiérrez'),
(181, 7, 'Tuxtla Chico', 'Tuxtla Chico'),
(182, 7, 'Tuzantán', 'Tuzantán'),
(183, 7, 'Tzimol', 'Tzimol'),
(184, 7, 'Unión Juárez', 'Unión Juárez'),
(185, 7, 'Venustiano Carranza', 'Venustiano Carranza'),
(186, 7, 'Villa Corzo', 'Villa Corzo'),
(187, 7, 'Villaflores', 'Villaflores'),
(188, 7, 'Yajalón', 'Yajalón'),
(189, 7, 'San Lucas', 'San Lucas'),
(190, 7, 'Zinacantán', 'Zinacantán'),
(191, 7, 'San Juan Cancuc', 'San Juan Cancuc'),
(192, 7, 'Aldama', 'Aldama'),
(193, 7, 'Benemérito de las Américas', 'Benemérito de las Américas'),
(194, 7, 'Maravilla Tenejapa', 'Maravilla Tenejapa'),
(195, 7, 'Marqués de Comillas', 'Zamora Pico de Oro'),
(196, 7, 'Montecristo de Guerrero', 'Montecristo de Guerrero'),
(197, 7, 'San Andrés Duraznal', 'San Andrés Duraznal'),
(198, 7, 'Santiago el Pinar', 'Santiago el Pinar'),
(199, 8, 'Ahumada', 'Miguel Ahumada'),
(200, 8, 'Aldama', 'Juan Aldama'),
(201, 8, 'Allende', 'Valle de Ignacio Allende'),
(202, 8, 'Aquiles Serdán', 'Santa Eulalia'),
(203, 8, 'Ascensión', 'Ascensión'),
(204, 8, 'Bachíniva', 'Bachíniva'),
(205, 8, 'Balleza', 'Mariano Balleza'),
(206, 8, 'Batopilas', 'Batopilas'),
(207, 8, 'Bocoyna', 'Bocoyna'),
(208, 8, 'Buenaventura', 'San Buenaventura'),
(209, 8, 'Camargo', 'Santa Rosalía de Camargo'),
(210, 8, 'Carichí', 'Carichí'),
(211, 8, 'Casas Grandes', 'Casas Grandes'),
(212, 8, 'Coronado', 'José Esteban Coronado'),
(213, 8, 'Coyame del Sotol', 'Santiago de Coyame'),
(214, 8, 'La Cruz', 'La Cruz'),
(215, 8, 'Cuauhtémoc', 'Cuauhtémoc'),
(216, 8, 'Cusihuiriachi', 'Cusihuiriachi'),
(217, 8, 'Chihuahua', 'Chihuahua'),
(218, 8, 'Chínipas', 'Chínipas de Almada'),
(219, 8, 'Delicias', 'Delicias'),
(220, 8, 'Dr. Belisario Domínguez', 'San Lorenzo'),
(221, 8, 'Galeana', 'Hermenegildo Galeana'),
(222, 8, 'Santa Isabel', 'Santa Isabel'),
(223, 8, 'Gómez Farías', 'Valentín Gómez Farías'),
(224, 8, 'Gran Morelos', 'San Nicolás de Carretas'),
(225, 8, 'Guachochi', 'Guachochi'),
(226, 8, 'Guadalupe', 'Guadalupe'),
(227, 8, 'Guadalupe y Calvo', 'Guadalupe y Calvo'),
(228, 8, 'Guazapares', 'Témoris'),
(229, 8, 'Guerrero', 'Vicente Guerrero'),
(230, 8, 'Hidalgo del Parral', 'Hidalgo del Parral'),
(231, 8, 'Huejotitán', 'Huejotitán'),
(232, 8, 'Ignacio Zaragoza', 'Ignacio Zaragoza'),
(233, 8, 'Janos', 'Janos'),
(234, 8, 'Jiménez', 'José Mariano Jiménez'),
(235, 8, 'Juárez', 'Juárez'),
(236, 8, 'Julimes', 'Julimes'),
(237, 8, 'López', 'Octaviano López'),
(238, 8, 'Madera', 'Madera'),
(239, 8, 'Maguarichi', 'Maguarichi'),
(240, 8, 'Manuel Benavides', 'Manuel Benavides'),
(241, 8, 'Matachí', 'Matachí'),
(242, 8, 'Matamoros', 'Mariano Matamoros'),
(243, 8, 'Meoqui', 'Pedro Meoqui'),
(244, 8, 'Morelos', 'Morelos'),
(245, 8, 'Moris', 'Moris'),
(246, 8, 'Namiquipa', 'Namiquipa'),
(247, 8, 'Nonoava', 'Nonoava'),
(248, 8, 'Nuevo Casas Grandes', 'Nuevo Casas Grandes'),
(249, 8, 'Ocampo', 'Melchor Ocampo'),
(250, 8, 'Ojinaga', 'Manuel Ojinaga'),
(251, 8, 'Praxedis G. Guerrero', 'Praxedis G. Guerrero'),
(252, 8, 'Riva Palacio', 'San Andrés'),
(253, 8, 'Rosales', 'Santa Cruz de Rosales'),
(254, 8, 'Rosario', 'Valle del Rosario'),
(255, 8, 'San Francisco de Borja', 'San Francisco de Borja'),
(256, 8, 'San Francisco de Conchos', 'San Francisco de Conchos'),
(257, 8, 'San Francisco del Oro', 'San Francisco del Oro'),
(258, 8, 'Santa Bárbara', 'Santa Bárbara'),
(259, 8, 'Satevó', 'San Francisco Javier de Satevó'),
(260, 8, 'Saucillo', 'Saucillo'),
(261, 8, 'Temósachic', 'Temósachic'),
(262, 8, 'El Tule', 'El Tule'),
(263, 8, 'Urique', 'Urique'),
(264, 8, 'Uruachi', 'Uruachi'),
(265, 8, 'Valle de Zaragoza', 'Valle de Zaragoza'),
(266, 9, 'Azcapotzalco', ''),
(267, 9, 'Coyoacán', ''),
(268, 9, 'Cuajimalpa de Morelos', ''),
(269, 9, 'Gustavo A. Madero', ''),
(270, 9, 'Iztacalco', ''),
(271, 9, 'Iztapalapa', ''),
(272, 9, 'La Magdalena Contreras', ''),
(273, 9, 'Milpa Alta', ''),
(274, 9, 'Álvaro Obregón', ''),
(275, 9, 'Tláhuac', ''),
(276, 9, 'Tlalpan', ''),
(277, 9, 'Xochimilco', ''),
(278, 9, 'Benito Juárez', ''),
(279, 9, 'Cuauhtémoc', ''),
(280, 9, 'Miguel Hidalgo', ''),
(281, 9, 'Venustiano Carranza', ''),
(282, 10, 'Canatlán', 'Canatlán'),
(283, 10, 'Canelas', 'Canelas'),
(284, 10, 'Coneto de Comonfort', 'Coneto de Comonfort'),
(285, 10, 'Cuencamé', 'Cuencamé de Ceniceros'),
(286, 10, 'Durango', 'Victoria de Durango'),
(287, 10, 'General Simón Bolívar', 'General Simón Bolívar'),
(288, 10, 'Gómez Palacio', 'Gómez Palacio'),
(289, 10, 'Guadalupe Victoria', 'Guadalupe Victoria'),
(290, 10, 'Guanaceví', 'Guanaceví'),
(291, 10, 'Hidalgo', 'Villa Hidalgo'),
(292, 10, 'Indé', 'Indé'),
(293, 10, 'Lerdo', 'Lerdo'),
(294, 10, 'Mapimí', 'Mapimí'),
(295, 10, 'Mezquital', 'San Francisco del Mezquital'),
(296, 10, 'Nazas', 'Nazas'),
(297, 10, 'Nombre de Dios', 'Nombre de Dios'),
(298, 10, 'Ocampo', 'Villa Ocampo'),
(299, 10, 'El Oro', 'Santa María del Oro'),
(300, 10, 'Otáez', 'Otáez'),
(301, 10, 'Pánuco de Coronado', 'Francisco I. Madero'),
(302, 10, 'Peñón Blanco', 'Peñón Blanco'),
(303, 10, 'Poanas', 'Villa Unión'),
(304, 10, 'Pueblo Nuevo', 'El Salto'),
(305, 10, 'Rodeo', 'Rodeo'),
(306, 10, 'San Bernardo', 'San Bernardo'),
(307, 10, 'San Dimas', 'Tayoltita'),
(308, 10, 'San Juan de Guadalupe', 'San Juan de Guadalupe'),
(309, 10, 'San Juan del Río', 'San Juan del Río del Centauro del Norte'),
(310, 10, 'San Luis del Cordero', 'San Luis del Cordero'),
(311, 10, 'San Pedro del Gallo', 'San Pedro del Gallo'),
(312, 10, 'Santa Clara', 'Santa Clara'),
(313, 10, 'Santiago Papasquiaro', 'Santiago Papasquiaro'),
(314, 10, 'Súchil', 'Súchil'),
(315, 10, 'Tamazula', 'Tamazula de Victoria'),
(316, 10, 'Tepehuanes', 'Santa Catarina de Tepehuanes'),
(317, 10, 'Tlahualilo', 'Tlahualilo de Zaragoza'),
(318, 10, 'Topia', 'Topia'),
(319, 10, 'Vicente Guerrero', 'Vicente Guerrero'),
(320, 10, 'Nuevo Ideal', 'Nuevo Ideal'),
(321, 11, 'Abasolo', 'Abasolo'),
(322, 11, 'Acámbaro', 'Acámbaro'),
(323, 11, 'San Miguel de Allende', 'San Miguel de Allende'),
(324, 11, 'Apaseo el Alto', 'Apaseo el Alto'),
(325, 11, 'Apaseo el Grande', 'Apaseo el Grande'),
(326, 11, 'Atarjea', 'Atarjea'),
(327, 11, 'Celaya', 'Celaya'),
(328, 11, 'Manuel Doblado', 'Ciudad Manuel Doblado'),
(329, 11, 'Comonfort', 'Comonfort'),
(330, 11, 'Coroneo', 'Coroneo'),
(331, 11, 'Cortazar', 'Cortazar'),
(332, 11, 'Cuerámaro', 'Cuerámaro'),
(333, 11, 'Doctor Mora', 'Doctor Mora'),
(334, 11, 'Dolores Hidalgo Cuna de la Independencia Nacional', 'Dolores Hidalgo Cuna de la Independencia Nacional'),
(335, 11, 'Guanajuato', 'Guanajuato'),
(336, 11, 'Huanímaro', 'Huanímaro'),
(337, 11, 'Irapuato', 'Irapuato'),
(338, 11, 'Jaral del Progreso', 'Jaral del Progreso'),
(339, 11, 'Jerécuaro', 'Jerécuaro'),
(340, 11, 'León', 'León de los Aldama'),
(341, 11, 'Moroleón', 'Moroleón'),
(342, 11, 'Ocampo', 'Ocampo'),
(343, 11, 'Pénjamo', 'Pénjamo'),
(344, 11, 'Pueblo Nuevo', 'Pueblo Nuevo'),
(345, 11, 'Purísima del Rincón', 'Purísima de Bustos'),
(346, 11, 'Romita', 'Romita'),
(347, 11, 'Salamanca', 'Salamanca'),
(348, 11, 'Salvatierra', 'Salvatierra'),
(349, 11, 'San Diego de la Unión', 'San Diego de la Unión'),
(350, 11, 'San Felipe', 'San Felipe'),
(351, 11, 'San Francisco del Rincón', 'San Francisco del Rincón'),
(352, 11, 'San José Iturbide', 'San José Iturbide'),
(353, 11, 'San Luis de la Paz', 'San Luis de la Paz'),
(354, 11, 'Santa Catarina', 'Santa Catarina'),
(355, 11, 'Santa Cruz de Juventino Rosas', 'Juventino Rosas'),
(356, 11, 'Santiago Maravatío', 'Santiago Maravatío'),
(357, 11, 'Silao de la Victoria', 'Silao de la Victoria'),
(358, 11, 'Tarandacuao', 'Tarandacuao'),
(359, 11, 'Tarimoro', 'Tarimoro'),
(360, 11, 'Tierra Blanca', 'Tierra Blanca'),
(361, 11, 'Uriangato', 'Uriangato'),
(362, 11, 'Valle de Santiago', 'Valle de Santiago'),
(363, 11, 'Victoria', 'Victoria'),
(364, 11, 'Villagrán', 'Villagrán'),
(365, 11, 'Xichú', 'Xichú'),
(366, 11, 'Yuriria', 'Yuriria'),
(367, 12, 'Acapulco de Juárez', 'Acapulco de Juárez'),
(368, 12, 'Ahuacuotzingo', 'Ahuacuotzingo'),
(369, 12, 'Ajuchitlán del Progreso', 'Ajuchitlán del Progreso'),
(370, 12, 'Alcozauca de Guerrero', 'Alcozauca de Guerrero'),
(371, 12, 'Alpoyeca', 'Alpoyeca'),
(372, 12, 'Apaxtla', 'Ciudad Apaxtla de Castrejón'),
(373, 12, 'Arcelia', 'Arcelia'),
(374, 12, 'Atenango del Río', 'Atenango del Río'),
(375, 12, 'Atlamajalcingo del Monte', 'Atlamajalcingo del Monte'),
(376, 12, 'Atlixtac', 'Atlixtac'),
(377, 12, 'Atoyac de Álvarez', 'Atoyac de Álvarez'),
(378, 12, 'Ayutla de los Libres', 'Ayutla de los Libres'),
(379, 12, 'Azoyú', 'Azoyú'),
(380, 12, 'Benito Juárez', 'San Jerónimo de Juárez'),
(381, 12, 'Buenavista de Cuéllar', 'Buenavista de Cuéllar'),
(382, 12, 'Coahuayutla de José María Izazaga', 'Coahuayutla de Guerrero'),
(383, 12, 'Cocula', 'Cocula'),
(384, 12, 'Copala', 'Copala'),
(385, 12, 'Copalillo', 'Copalillo'),
(386, 12, 'Copanatoyac', 'Copanatoyac'),
(387, 12, 'Coyuca de Benítez', 'Coyuca de Benítez'),
(388, 12, 'Coyuca de Catalán', 'Coyuca de Catalán'),
(389, 12, 'Cuajinicuilapa', 'Cuajinicuilapa'),
(390, 12, 'Cualác', 'Cualác'),
(391, 12, 'Cuautepec', 'Cuautepec'),
(392, 12, 'Cuetzala del Progreso', 'Cuetzala del Progreso'),
(393, 12, 'Cutzamala de Pinzón', 'Cutzamala de Pinzón'),
(394, 12, 'Chilapa de Álvarez', 'Chilapa de Álvarez'),
(395, 12, 'Chilpancingo de los Bravo', 'Chilpancingo de los Bravo'),
(396, 12, 'Florencio Villarreal', 'Cruz Grande'),
(397, 12, 'General Canuto A. Neri', 'Acapetlahuaya'),
(398, 12, 'General Heliodoro Castillo', 'Tlacotepec'),
(399, 12, 'Huamuxtitlán', 'Huamuxtitlán'),
(400, 12, 'Huitzuco de los Figueroa', 'Ciudad de Huitzuco'),
(401, 12, 'Iguala de la Independencia', 'Iguala de la Independencia'),
(402, 12, 'Igualapa', 'Igualapa'),
(403, 12, 'Ixcateopan de Cuauhtémoc', 'Ixcateopan de Cuauhtémoc'),
(404, 12, 'Zihuatanejo de Azueta', 'Zihuatanejo'),
(405, 12, 'Juan R. Escudero', 'Tierra Colorada'),
(406, 12, 'Leonardo Bravo', 'Chichihualco'),
(407, 12, 'Malinaltepec', 'Malinaltepec'),
(408, 12, 'Mártir de Cuilapan', 'Apango'),
(409, 12, 'Metlatónoc', 'Metlatónoc'),
(410, 12, 'Mochitlán', 'Mochitlán'),
(411, 12, 'Olinalá', 'Olinalá'),
(412, 12, 'Ometepec', 'Ometepec'),
(413, 12, 'Pedro Ascencio Alquisiras', 'Ixcapuzalco'),
(414, 12, 'Petatlán', 'Petatlán'),
(415, 12, 'Pilcaya', 'Pilcaya'),
(416, 12, 'Pungarabato', 'Ciudad Altamirano'),
(417, 12, 'Quechultenango', 'Quechultenango'),
(418, 12, 'San Luis Acatlán', 'San Luis Acatlán'),
(419, 12, 'San Marcos', 'San Marcos'),
(420, 12, 'San Miguel Totolapan', 'San Miguel Totolapan'),
(421, 12, 'Taxco de Alarcón', 'Taxco de Alarcón'),
(422, 12, 'Tecoanapa', 'Tecoanapa'),
(423, 12, 'Técpan de Galeana', 'Técpan de Galeana'),
(424, 12, 'Teloloapan', 'Teloloapan'),
(425, 12, 'Tepecoacuilco de Trujano', 'Tepecoacuilco de Trujano'),
(426, 12, 'Tetipac', 'Tetipac'),
(427, 12, 'Tixtla de Guerrero', 'Tixtla de Guerrero'),
(428, 12, 'Tlacoachistlahuaca', 'Tlacoachistlahuaca'),
(429, 12, 'Tlacoapa', 'Tlacoapa'),
(430, 12, 'Tlalchapa', 'Tlalchapa'),
(431, 12, 'Tlalixtaquilla de Maldonado', 'Tlalixtaquilla'),
(432, 12, 'Tlapa de Comonfort', 'Tlapa de Comonfort'),
(433, 12, 'Tlapehuala', 'Tlapehuala'),
(434, 12, 'La Unión de Isidoro Montes de Oca', 'La Unión'),
(435, 12, 'Xalpatláhuac', 'Xalpatláhuac'),
(436, 12, 'Xochihuehuetlán', 'Xochihuehuetlán'),
(437, 12, 'Xochistlahuaca', 'Xochistlahuaca'),
(438, 12, 'Zapotitlán Tablas', 'Zapotitlán Tablas'),
(439, 12, 'Zirándaro', 'Zirándaro de los Chávez'),
(440, 12, 'Zitlala', 'Zitlala'),
(441, 12, 'Eduardo Neri', 'Zumpango del Río'),
(442, 12, 'Acatepec', 'Acatepec'),
(443, 12, 'Marquelia', 'Marquelia'),
(444, 12, 'Cochoapa el Grande', 'Cochoapa el Grande'),
(445, 12, 'José Joaquín de Herrera', 'Hueycantenango'),
(446, 12, 'Juchitán', 'Juchitán'),
(447, 12, 'Iliatenco', 'Iliatenco'),
(448, 13, 'Acatlán', 'Acatlán'),
(449, 13, 'Acaxochitlán', 'Acaxochitlán'),
(450, 13, 'Actopan', 'Actopan'),
(451, 13, 'Agua Blanca de Iturbide', 'Agua Blanca Iturbide'),
(452, 13, 'Ajacuba', 'Ajacuba'),
(453, 13, 'Alfajayucan', 'Alfajayucan'),
(454, 13, 'Almoloya', 'Almoloya'),
(455, 13, 'Apan', 'Apan'),
(456, 13, 'El Arenal', 'El Arenal'),
(457, 13, 'Atitalaquia', 'Atitalaquia'),
(458, 13, 'Atlapexco', 'Atlapexco'),
(459, 13, 'Atotonilco el Grande', 'Atotonilco el Grande'),
(460, 13, 'Atotonilco de Tula', 'Atotonilco de Tula'),
(461, 13, 'Calnali', 'Calnali'),
(462, 13, 'Cardonal', 'Cardonal'),
(463, 13, 'Cuautepec de Hinojosa', 'Cuautepec de Hinojosa'),
(464, 13, 'Chapantongo', 'Chapantongo'),
(465, 13, 'Chapulhuacán', 'Chapulhuacán'),
(466, 13, 'Chilcuautla', 'Chilcuautla'),
(467, 13, 'Eloxochitlán', 'Eloxochitlán'),
(468, 13, 'Emiliano Zapata', 'Emiliano Zapata'),
(469, 13, 'Epazoyucan', 'Epazoyucan'),
(470, 13, 'Francisco I. Madero', 'Tepatepec'),
(471, 13, 'Huasca de Ocampo', 'Huasca de Ocampo'),
(472, 13, 'Huautla', 'Huautla'),
(473, 13, 'Huazalingo', 'Huazalingo'),
(474, 13, 'Huehuetla', 'Huehuetla'),
(475, 13, 'Huejutla de Reyes', 'Huejutla de Reyes'),
(476, 13, 'Huichapan', 'Huichapan'),
(477, 13, 'Ixmiquilpan', 'Ixmiquilpan'),
(478, 13, 'Jacala de Ledezma', 'Jacala'),
(479, 13, 'Jaltocán', 'Jaltocán'),
(480, 13, 'Juárez Hidalgo', 'Juárez'),
(481, 13, 'Lolotla', 'Lolotla'),
(482, 13, 'Metepec', 'Metepec'),
(483, 13, 'San Agustín Metzquititlán', 'Mezquititlán'),
(484, 13, 'Metztitlán', 'Metztitlán'),
(485, 13, 'Mineral del Chico', 'Mineral del Chico'),
(486, 13, 'Mineral del Monte', 'Mineral del Monte'),
(487, 13, 'La Misión', 'La Misión'),
(488, 13, 'Mixquiahuala de Juárez', 'Mixquiahuala'),
(489, 13, 'Molango de Escamilla', 'Molango'),
(490, 13, 'Nicolás Flores', 'Nicolás Flores'),
(491, 13, 'Nopala de Villagrán', 'Nopala'),
(492, 13, 'Omitlán de Juárez', 'Omitlán de Juárez'),
(493, 13, 'San Felipe Orizatlán', 'Orizatlán'),
(494, 13, 'Pacula', 'Pacula'),
(495, 13, 'Pachuca de Soto', 'Pachuca de Soto'),
(496, 13, 'Pisaflores', 'Pisaflores'),
(497, 13, 'Progreso de Obregón', 'Progreso'),
(498, 13, 'Mineral de la Reforma', 'Pachuquilla'),
(499, 13, 'San Agustín Tlaxiaca', 'San Agustín Tlaxiaca'),
(500, 13, 'San Bartolo Tutotepec', 'San Bartolo Tutotepec'),
(501, 13, 'San Salvador', 'San Salvador'),
(502, 13, 'Santiago de Anaya', 'Santiago de Anaya'),
(503, 13, 'Santiago Tulantepec de Lugo Guerrero', 'Santiago Tulantepec'),
(504, 13, 'Singuilucan', 'Singuilucan'),
(505, 13, 'Tasquillo', 'Tasquillo'),
(506, 13, 'Tecozautla', 'Tecozautla'),
(507, 13, 'Tenango de Doria', 'Tenango de Doria'),
(508, 13, 'Tepeapulco', 'Tepeapulco'),
(509, 13, 'Tepehuacán de Guerrero', 'Tepehuacán de Guerrero'),
(510, 13, 'Tepeji del Río de Ocampo', 'Tepeji del Río de Ocampo'),
(511, 13, 'Tepetitlán', 'Tepetitlán'),
(512, 13, 'Tetepango', 'Tetepango'),
(513, 13, 'Villa de Tezontepec', 'Tezontepec'),
(514, 13, 'Tezontepec de Aldama', 'Tezontepec de Aldama'),
(515, 13, 'Tianguistengo', 'Tianguistengo'),
(516, 13, 'Tizayuca', 'Tizayuca'),
(517, 13, 'Tlahuelilpan', 'Tlahuelilpan'),
(518, 13, 'Tlahuiltepa', 'Tlahuiltepa'),
(519, 13, 'Tlanalapa', 'Tlanalapa'),
(520, 13, 'Tlanchinol', 'Tlanchinol'),
(521, 13, 'Tlaxcoapan', 'Tlaxcoapan'),
(522, 13, 'Tolcayuca', 'Tolcayuca'),
(523, 13, 'Tula de Allende', 'Tula de Allende'),
(524, 13, 'Tulancingo de Bravo', 'Tulancingo'),
(525, 13, 'Xochiatipan', 'Xochiatipan'),
(526, 13, 'Xochicoatlán', 'Xochicoatlán'),
(527, 13, 'Yahualica', 'Yahualica'),
(528, 13, 'Zacualtipán de Ángeles', 'Zacualtipán'),
(529, 13, 'Zapotlán de Juárez', 'Zapotlán de Juárez'),
(530, 13, 'Zempoala', 'Zempoala'),
(531, 13, 'Zimapán', 'Zimapán'),
(532, 14, 'Acatic', 'Acatic'),
(533, 14, 'Acatlán de Juárez', 'Acatlán de Juárez'),
(534, 14, 'Ahualulco de Mercado', 'Ahualulco de Mercado'),
(535, 14, 'Amacueca', 'Amacueca'),
(536, 14, 'Amatitán', 'Amatitán'),
(537, 14, 'Ameca', 'Ameca'),
(538, 14, 'San Juanito de Escobedo', 'San Juanito de Escobedo'),
(539, 14, 'Arandas', 'Arandas'),
(540, 14, 'El Arenal', 'El Arenal'),
(541, 14, 'Atemajac de Brizuela', 'Atemajac de Brizuela'),
(542, 14, 'Atengo', 'Atengo'),
(543, 14, 'Atenguillo', 'Atenguillo'),
(544, 14, 'Atotonilco el Alto', 'Atotonilco el Alto'),
(545, 14, 'Atoyac', 'Atoyac'),
(546, 14, 'Autlán de Navarro', 'Autlán de Navarro'),
(547, 14, 'Ayotlán', 'Ayotlán'),
(548, 14, 'Ayutla', 'Ayutla'),
(549, 14, 'La Barca', 'La Barca'),
(550, 14, 'Bolaños', 'Bolaños'),
(551, 14, 'Cabo Corrientes', 'El Tuito'),
(552, 14, 'Casimiro Castillo', 'La Resolana'),
(553, 14, 'Cihuatlán', 'Cihuatlán'),
(554, 14, 'Zapotlán el Grande', 'Ciudad Guzmán'),
(555, 14, 'Cocula', 'Cocula'),
(556, 14, 'Colotlán', 'Colotlán'),
(557, 14, 'Concepción de Buenos Aires', 'Concepción de Buenos Aires'),
(558, 14, 'Cuautitlán de García Barragán', 'Cuautitlán de García Barragán'),
(559, 14, 'Cuautla', 'Cuautla'),
(560, 14, 'Cuquío', 'Cuquío'),
(561, 14, 'Chapala', 'Chapala'),
(562, 14, 'Chimaltitán', 'Chimaltitán'),
(563, 14, 'Chiquilistlán', 'Chiquilistlán'),
(564, 14, 'Degollado', 'Degollado'),
(565, 14, 'Ejutla', 'Ejutla'),
(566, 14, 'Encarnación de Díaz', 'Encarnación de Díaz'),
(567, 14, 'Etzatlán', 'Etzatlán'),
(568, 14, 'El Grullo', 'El Grullo'),
(569, 14, 'Guachinango', 'Guachinango'),
(570, 14, 'Guadalajara', 'Guadalajara'),
(571, 14, 'Hostotipaquillo', 'Hostotipaquillo'),
(572, 14, 'Huejúcar', 'Huejúcar'),
(573, 14, 'Huejuquilla el Alto', 'Huejuquilla el Alto'),
(574, 14, 'La Huerta', 'La Huerta'),
(575, 14, 'Ixtlahuacán de los Membrillos', 'Ixtlahuacán de los Membrillos'),
(576, 14, 'Ixtlahuacán del Río', 'Ixtlahuacán del Río'),
(577, 14, 'Jalostotitlán', 'Jalostotitlán'),
(578, 14, 'Jamay', 'Jamay'),
(579, 14, 'Jesús María', 'Jesús María'),
(580, 14, 'Jilotlán de los Dolores', 'Jilotlán de los Dolores'),
(581, 14, 'Jocotepec', 'Jocotepec'),
(582, 14, 'Juanacatlán', 'Juanacatlán'),
(583, 14, 'Juchitlán', 'Juchitlán'),
(584, 14, 'Lagos de Moreno', 'Lagos de Moreno'),
(585, 14, 'El Limón', 'El Limón'),
(586, 14, 'Magdalena', 'Magdalena'),
(587, 14, 'Santa María del Oro', 'Santa María del Oro'),
(588, 14, 'La Manzanilla de la Paz', 'La Manzanilla de la Paz'),
(589, 14, 'Mascota', 'Mascota'),
(590, 14, 'Mazamitla', 'Mazamitla'),
(591, 14, 'Mexticacán', 'Mexticacán'),
(592, 14, 'Mezquitic', 'Mezquitic'),
(593, 14, 'Mixtlán', 'Mixtlán'),
(594, 14, 'Ocotlán', 'Ocotlán'),
(595, 14, 'Ojuelos de Jalisco', 'Ojuelos de Jalisco'),
(596, 14, 'Pihuamo', 'Pihuamo'),
(597, 14, 'Poncitlán', 'Poncitlán'),
(598, 14, 'Puerto Vallarta', 'Puerto Vallarta'),
(599, 14, 'Villa Purificación', 'Villa Purificación'),
(600, 14, 'Quitupan', 'Quitupan'),
(601, 14, 'El Salto', 'El Salto'),
(602, 14, 'San Cristóbal de la Barranca', 'San Cristóbal de la Barranca'),
(603, 14, 'San Diego de Alejandría', 'San Diego de Alejandría'),
(604, 14, 'San Juan de los Lagos', 'San Juan de los Lagos'),
(605, 14, 'San Julián', 'San Julián'),
(606, 14, 'San Marcos', 'San Marcos'),
(607, 14, 'San Martín de Bolaños', 'San Martín de Bolaños'),
(608, 14, 'San Martín Hidalgo', 'San Martín Hidalgo'),
(609, 14, 'San Miguel el Alto', 'San Miguel el Alto'),
(610, 14, 'Gómez Farías', 'San Sebastián del Sur'),
(611, 14, 'San Sebastián del Oeste', 'San Sebastián del Oeste'),
(612, 14, 'Santa María de los Ángeles', 'Santa María de los Ángeles'),
(613, 14, 'Sayula', 'Sayula'),
(614, 14, 'Tala', 'Tala'),
(615, 14, 'Talpa de Allende', 'Talpa de Allende'),
(616, 14, 'Tamazula de Gordiano', 'Tamazula de Gordiano'),
(617, 14, 'Tapalpa', 'Tapalpa'),
(618, 14, 'Tecalitlán', 'Tecalitlán'),
(619, 14, 'Tecolotlán', 'Tecolotlán'),
(620, 14, 'Techaluta de Montenegro', 'Techaluta de Montenegro'),
(621, 14, 'Tenamaxtlán', 'Tenamaxtlán'),
(622, 14, 'Teocaltiche', 'Teocaltiche'),
(623, 14, 'Teocuitatlán de Corona', 'Teocuitatlán de Corona'),
(624, 14, 'Tepatitlán de Morelos', 'Tepatitlán de Morelos'),
(625, 14, 'Tequila', 'Tequila'),
(626, 14, 'Teuchitlán', 'Teuchitlán'),
(627, 14, 'Tizapán el Alto', 'Tizapán el Alto'),
(628, 14, 'Tlajomulco de Zúñiga', 'Tlajomulco de Zúñiga'),
(629, 14, 'San Pedro Tlaquepaque', 'Tlaquepaque'),
(630, 14, 'Tolimán', 'Tolimán'),
(631, 14, 'Tomatlán', 'Tomatlán'),
(632, 14, 'Tonalá', 'Tonalá'),
(633, 14, 'Tonaya', 'Tonaya'),
(634, 14, 'Tonila', 'Tonila'),
(635, 14, 'Totatiche', 'Totatiche'),
(636, 14, 'Tototlán', 'Tototlán'),
(637, 14, 'Tuxcacuesco', 'Tuxcacuesco'),
(638, 14, 'Tuxcueca', 'Tuxcueca'),
(639, 14, 'Tuxpan', 'Tuxpan'),
(640, 14, 'Unión de San Antonio', 'Unión de San Antonio'),
(641, 14, 'Unión de Tula', 'Unión de Tula'),
(642, 14, 'Valle de Guadalupe', 'Valle de Guadalupe'),
(643, 14, 'Valle de Juárez', 'Valle de Juárez'),
(644, 14, 'San Gabriel', 'San Gabriel'),
(645, 14, 'Villa Corona', 'Villa Corona'),
(646, 14, 'Villa Guerrero', 'Villa Guerrero'),
(647, 14, 'Villa Hidalgo', 'Villa Hidalgo'),
(648, 14, 'Cañadas de Obregón', 'Cañadas de Obregón'),
(649, 14, 'Yahualica de González Gallo', 'Yahualica de González Gallo'),
(650, 14, 'Zacoalco de Torres', 'Zacoalco de Torres'),
(651, 14, 'Zapopan', 'Zapopan'),
(652, 14, 'Zapotiltic', 'Zapotiltic'),
(653, 14, 'Zapotitlán de Vadillo', 'Zapotitlán de Vadillo'),
(654, 14, 'Zapotlán del Rey', 'Zapotlán del Rey'),
(655, 14, 'Zapotlanejo', 'Zapotlanejo'),
(656, 14, 'San Ignacio Cerro Gordo', 'San Ignacio Cerro Gordo'),
(657, 15, 'Acambay de Ruíz Castañeda', 'Villa de Acambay de Ruíz Castañeda'),
(658, 15, 'Acolman', 'Acolman de Nezahualcóyotl'),
(659, 15, 'Aculco', 'Aculco de Espinoza'),
(660, 15, 'Almoloya de Alquisiras', 'Almoloya de Alquisiras'),
(661, 15, 'Almoloya de Juárez', 'Villa de Almoloya de Juárez'),
(662, 15, 'Almoloya del Río', 'Almoloya del Río'),
(663, 15, 'Amanalco', 'Amanalco de Becerra'),
(664, 15, 'Amatepec', 'Amatepec'),
(665, 15, 'Amecameca', 'Amecameca de Juárez'),
(666, 15, 'Apaxco', 'Apaxco de Ocampo'),
(667, 15, 'Atenco', 'San Salvador Atenco'),
(668, 15, 'Atizapán', 'Santa Cruz Atizapán'),
(669, 15, 'Atizapán de Zaragoza', 'Ciudad López Mateos'),
(670, 15, 'Atlacomulco', 'Atlacomulco de Fabela'),
(671, 15, 'Atlautla', 'Atlautla de Victoria'),
(672, 15, 'Axapusco', 'Axapusco'),
(673, 15, 'Ayapango', 'Ayapango de Gabriel Ramos M.'),
(674, 15, 'Calimaya', 'Calimaya de Díaz González'),
(675, 15, 'Capulhuac', 'Capulhuac de Mirafuentes'),
(676, 15, 'Coacalco de Berriozábal', 'San Francisco Coacalco'),
(677, 15, 'Coatepec Harinas', 'Coatepec Harinas'),
(678, 15, 'Cocotitlán', 'Cocotitlán'),
(679, 15, 'Coyotepec', 'Coyotepec'),
(680, 15, 'Cuautitlán', 'Cuautitlán'),
(681, 15, 'Chalco', 'Chalco de Díaz Covarrubias'),
(682, 15, 'Chapa de Mota', 'Chapa de Mota'),
(683, 15, 'Chapultepec', 'Chapultepec'),
(684, 15, 'Chiautla', 'Chiautla'),
(685, 15, 'Chicoloapan', 'Chicoloapan de Juárez'),
(686, 15, 'Chiconcuac', 'Chiconcuac de Juárez'),
(687, 15, 'Chimalhuacán', 'Chimalhuacán'),
(688, 15, 'Donato Guerra', 'Villa Donato Guerra'),
(689, 15, 'Ecatepec de Morelos', 'Ecatepec de Morelos'),
(690, 15, 'Ecatzingo', 'Ecatzingo de Hidalgo'),
(691, 15, 'Huehuetoca', 'Huehuetoca'),
(692, 15, 'Hueypoxtla', 'Hueypoxtla'),
(693, 15, 'Huixquilucan', 'Huixquilucan de Degollado'),
(694, 15, 'Isidro Fabela', 'Tlazala de Fabela'),
(695, 15, 'Ixtapaluca', 'Ixtapaluca'),
(696, 15, 'Ixtapan de la Sal', 'Ixtapan de la Sal'),
(697, 15, 'Ixtapan del Oro', 'Ixtapan del Oro'),
(698, 15, 'Ixtlahuaca', 'Ixtlahuaca de Rayón'),
(699, 15, 'Xalatlaco', 'Xalatlaco'),
(700, 15, 'Jaltenco', 'Jaltenco'),
(701, 15, 'Jilotepec', 'Jilotepec de Molina Enríquez'),
(702, 15, 'Jilotzingo', 'Santa Ana Jilotzingo'),
(703, 15, 'Jiquipilco', 'Jiquipilco'),
(704, 15, 'Jocotitlán', 'Ciudad de Jocotitlán'),
(705, 15, 'Joquicingo', 'Joquicingo de León Guzmán'),
(706, 15, 'Juchitepec', 'Juchitepec de Mariano Rivapalacio'),
(707, 15, 'Lerma', 'Lerma de Villada'),
(708, 15, 'Malinalco', 'Malinalco'),
(709, 15, 'Melchor Ocampo', 'Melchor Ocampo'),
(710, 15, 'Metepec', 'Metepec'),
(711, 15, 'Mexicaltzingo', 'San Mateo Mexicaltzingo'),
(712, 15, 'Morelos', 'San Bartolo Morelos'),
(713, 15, 'Naucalpan de Juárez', 'Naucalpan de Juárez'),
(714, 15, 'Nezahualcóyotl', 'Ciudad Nezahualcóyotl'),
(715, 15, 'Nextlalpan', 'Santa Ana Nextlalpan'),
(716, 15, 'Nicolás Romero', 'Ciudad Nicolás Romero'),
(717, 15, 'Nopaltepec', 'Nopaltepec'),
(718, 15, 'Ocoyoacac', 'Ocoyoacac'),
(719, 15, 'Ocuilan', 'Ocuilan de Arteaga'),
(720, 15, 'El Oro', 'El Oro de Hidalgo'),
(721, 15, 'Otumba', 'Otumba de Gómez Farías'),
(722, 15, 'Otzoloapan', 'Otzoloapan'),
(723, 15, 'Otzolotepec', 'Villa Cuauhtémoc'),
(724, 15, 'Ozumba', 'Ozumba de Alzate'),
(725, 15, 'Papalotla', 'Papalotla'),
(726, 15, 'La Paz', 'Los Reyes Acaquilpan'),
(727, 15, 'Polotitlán', 'Polotitlán de la Ilustración'),
(728, 15, 'Rayón', 'Santa María Rayón'),
(729, 15, 'San Antonio la Isla', 'San Antonio la Isla'),
(730, 15, 'San Felipe del Progreso', 'San Felipe del Progreso'),
(731, 15, 'San Martín de las Pirámides', 'San Martín de las Pirámides'),
(732, 15, 'San Mateo Atenco', 'San Mateo Atenco'),
(733, 15, 'San Simón de Guerrero', 'San Simón de Guerrero'),
(734, 15, 'Santo Tomás', 'Santo Tomás de los Plátanos'),
(735, 15, 'Soyaniquilpan de Juárez', 'San Francisco Soyaniquilpan'),
(736, 15, 'Sultepec', 'Sultepec de Pedro Ascencio de Alquisiras'),
(737, 15, 'Tecámac', 'Tecámac de Felipe Villanueva'),
(738, 15, 'Tejupilco', 'Tejupilco de Hidalgo'),
(739, 15, 'Temamatla', 'Temamatla'),
(740, 15, 'Temascalapa', 'Temascalapa'),
(741, 15, 'Temascalcingo', 'Temascalcingo de José María Velasco'),
(742, 15, 'Temascaltepec', 'Temascaltepec de González'),
(743, 15, 'Temoaya', 'Temoaya'),
(744, 15, 'Tenancingo', 'Tenancingo de Degollado'),
(745, 15, 'Tenango del Aire', 'Tenango del Aire'),
(746, 15, 'Tenango del Valle', 'Tenango de Arista'),
(747, 15, 'Teoloyucan', 'Teoloyucan'),
(748, 15, 'Teotihuacán', 'Teotihuacán de Arista'),
(749, 15, 'Tepetlaoxtoc', 'Tepetlaoxtoc de Hidalgo'),
(750, 15, 'Tepetlixpa', 'Tepetlixpa'),
(751, 15, 'Tepotzotlán', 'Tepotzotlán'),
(752, 15, 'Tequixquiac', 'Tequixquiac'),
(753, 15, 'Texcaltitlán', 'Texcaltitlán'),
(754, 15, 'Texcalyacac', 'San Mateo Texcalyacac'),
(755, 15, 'Texcoco', 'Texcoco de Mora'),
(756, 15, 'Tezoyuca', 'Tezoyuca'),
(757, 15, 'Tianguistenco', 'Santiago Tianguistenco de Galeana'),
(758, 15, 'Timilpan', 'San Andrés Timilpan'),
(759, 15, 'Tlalmanalco', 'Tlalmanalco de Velázquez'),
(760, 15, 'Tlalnepantla de Baz', 'Tlalnepantla'),
(761, 15, 'Tlatlaya', 'Tlatlaya'),
(762, 15, 'Toluca', 'Toluca de Lerdo'),
(763, 15, 'Tonatico', 'Tonatico'),
(764, 15, 'Tultepec', 'Tultepec'),
(765, 15, 'Tultitlán', 'Tultitlán de Mariano Escobedo'),
(766, 15, 'Valle de Bravo', 'Valle de Bravo'),
(767, 15, 'Villa de Allende', 'San José Villa de Allende'),
(768, 15, 'Villa del Carbón', 'Villa del Carbón'),
(769, 15, 'Villa Guerrero', 'Villa Guerrero'),
(770, 15, 'Villa Victoria', 'Villa Victoria'),
(771, 15, 'Xonacatlán', 'Xonacatlán'),
(772, 15, 'Zacazonapan', 'Zacazonapan'),
(773, 15, 'Zacualpan', 'Zacualpan'),
(774, 15, 'Zinacantepec', 'San Miguel Zinacantepec'),
(775, 15, 'Zumpahuacán', 'Zumpahuacán'),
(776, 15, 'Zumpango', 'Zumpango de Ocampo'),
(777, 15, 'Cuautitlán Izcalli', 'Cuautitlán Izcalli'),
(778, 15, 'Valle de Chalco Solidaridad', 'Xico'),
(779, 15, 'Luvianos', 'Villa Luvianos'),
(780, 15, 'San José del Rincón', 'San José del Rincón Centro'),
(781, 15, 'Tonanitla', 'Santa María Tonanitla'),
(782, 16, 'Acuitzio', 'Acuitzio del Canje'),
(783, 16, 'Aguililla', 'Aguililla'),
(784, 16, 'Álvaro Obregón', 'Álvaro Obregón'),
(785, 16, 'Angamacutiro', 'Angamacutiro de la Unión'),
(786, 16, 'Angangueo', 'Mineral de Angangueo'),
(787, 16, 'Apatzingán', 'Apatzingán de la Constitución'),
(788, 16, 'Aporo', 'Aporo'),
(789, 16, 'Aquila', 'Aquila'),
(790, 16, 'Ario', 'Ario de Rosales'),
(791, 16, 'Arteaga', 'Arteaga'),
(792, 16, 'Briseñas', 'Briseñas de Matamoros'),
(793, 16, 'Buenavista', 'Buenavista Tomatlán'),
(794, 16, 'Carácuaro', 'Carácuaro de Morelos'),
(795, 16, 'Coahuayana', 'Coahuayana de Hidalgo'),
(796, 16, 'Coalcomán de Vázquez Pallares', 'Coalcomán de Vázquez Pallares'),
(797, 16, 'Coeneo', 'Coeneo de la Libertad'),
(798, 16, 'Contepec', 'Contepec'),
(799, 16, 'Copándaro', 'Copándaro de Galeana'),
(800, 16, 'Cotija', 'Cotija de la Paz'),
(801, 16, 'Cuitzeo', 'Cuitzeo del Porvenir'),
(802, 16, 'Charapan', 'Charapan'),
(803, 16, 'Charo', 'Charo'),
(804, 16, 'Chavinda', 'Chavinda'),
(805, 16, 'Cherán', 'Cherán'),
(806, 16, 'Chilchota', 'Chilchota'),
(807, 16, 'Chinicuila', 'Villa Victoria'),
(808, 16, 'Chucándiro', 'Chucándiro'),
(809, 16, 'Churintzio', 'Churintzio'),
(810, 16, 'Churumuco', 'Churumuco de Morelos'),
(811, 16, 'Ecuandureo', 'Ecuandureo'),
(812, 16, 'Epitacio Huerta', 'Epitacio Huerta'),
(813, 16, 'Erongarícuaro', 'Erongarícuaro'),
(814, 16, 'Gabriel Zamora', 'Lombardía'),
(815, 16, 'Hidalgo', 'Ciudad Hidalgo'),
(816, 16, 'La Huacana', 'La Huacana'),
(817, 16, 'Huandacareo', 'Huandacareo'),
(818, 16, 'Huaniqueo', 'Huaniqueo de Morales'),
(819, 16, 'Huetamo', 'Huetamo de Núñez'),
(820, 16, 'Huiramba', 'Huiramba'),
(821, 16, 'Indaparapeo', 'Indaparapeo'),
(822, 16, 'Irimbo', 'Irimbo'),
(823, 16, 'Ixtlán', 'Ixtlán de los Hervores'),
(824, 16, 'Jacona', 'Jacona de Plancarte'),
(825, 16, 'Jiménez', 'Villa Jiménez'),
(826, 16, 'Jiquilpan', 'Jiquilpan de Juárez'),
(827, 16, 'Juárez', 'Benito Juárez'),
(828, 16, 'Jungapeo', 'Jungapeo de Juárez'),
(829, 16, 'Lagunillas', 'Lagunillas'),
(830, 16, 'Madero', 'Villa Madero'),
(831, 16, 'Maravatío', 'Maravatío de Ocampo'),
(832, 16, 'Marcos Castellanos', 'San José de Gracia'),
(833, 16, 'Lázaro Cárdenas', 'Ciudad Lázaro Cárdenas'),
(834, 16, 'Morelia', 'Morelia'),
(835, 16, 'Morelos', 'Villa Morelos'),
(836, 16, 'Múgica', 'Nueva Italia de Ruiz'),
(837, 16, 'Nahuatzen', 'Nahuatzen'),
(838, 16, 'Nocupétaro', 'Nocupétaro de Morelos'),
(839, 16, 'Nuevo Parangaricutiro', 'Nuevo San Juan Parangaricutiro'),
(840, 16, 'Nuevo Urecho', 'Nuevo Urecho'),
(841, 16, 'Numarán', 'Numarán'),
(842, 16, 'Ocampo', 'Ocampo'),
(843, 16, 'Pajacuarán', 'Pajacuarán'),
(844, 16, 'Panindícuaro', 'Panindícuaro'),
(845, 16, 'Parácuaro', 'Parácuaro'),
(846, 16, 'Paracho', 'Paracho de Verduzco'),
(847, 16, 'Pátzcuaro', 'Pátzcuaro'),
(848, 16, 'Penjamillo', 'Penjamillo de Degollado'),
(849, 16, 'Peribán', 'Peribán de Ramos'),
(850, 16, 'La Piedad', 'La Piedad de Cabadas'),
(851, 16, 'Purépero', 'Purépero de Echáiz'),
(852, 16, 'Puruándiro', 'Puruándiro'),
(853, 16, 'Queréndaro', 'Queréndaro'),
(854, 16, 'Quiroga', 'Quiroga'),
(855, 16, 'Cojumatlán de Régules', 'Cojumatlán de Régules'),
(856, 16, 'Los Reyes', 'Los Reyes de Salgado'),
(857, 16, 'Sahuayo', 'Sahuayo de Morelos'),
(858, 16, 'San Lucas', 'San Lucas'),
(859, 16, 'Santa Ana Maya', 'Santa Ana Maya'),
(860, 16, 'Salvador Escalante', 'Santa Clara del Cobre'),
(861, 16, 'Senguio', 'Senguio'),
(862, 16, 'Susupuato', 'Susupuato de Guerrero'),
(863, 16, 'Tacámbaro', 'Tacámbaro de Codallos'),
(864, 16, 'Tancítaro', 'Tancítaro'),
(865, 16, 'Tangamandapio', 'Santiago Tangamandapio'),
(866, 16, 'Tangancícuaro', 'Tangancícuaro de Arista'),
(867, 16, 'Tanhuato', 'Tanhuato de Guerrero'),
(868, 16, 'Taretan', 'Taretan'),
(869, 16, 'Tarímbaro', 'Tarímbaro'),
(870, 16, 'Tepalcatepec', 'Tepalcatepec'),
(871, 16, 'Tingambato', 'Tingambato'),
(872, 16, 'Tingüindín', 'Tingüindín'),
(873, 16, 'Tiquicheo de Nicolás Romero', 'Tiquicheo'),
(874, 16, 'Tlalpujahua', 'Tlalpujahua de Rayón'),
(875, 16, 'Tlazazalca', 'Tlazazalca'),
(876, 16, 'Tocumbo', 'Tocumbo'),
(877, 16, 'Tumbiscatío', 'Tumbiscatío de Ruiz'),
(878, 16, 'Turicato', 'Turicato'),
(879, 16, 'Tuxpan', 'Tuxpan'),
(880, 16, 'Tuzantla', 'Tuzantla'),
(881, 16, 'Tzintzuntzan', 'Tzintzuntzan'),
(882, 16, 'Tzitzio', 'Tzitzio'),
(883, 16, 'Uruapan', 'Uruapan'),
(884, 16, 'Venustiano Carranza', 'Venustiano Carranza'),
(885, 16, 'Villamar', 'Villamar'),
(886, 16, 'Vista Hermosa', 'Vista Hermosa de Negrete'),
(887, 16, 'Yurécuaro', 'Yurécuaro'),
(888, 16, 'Zacapu', 'Zacapu'),
(889, 16, 'Zamora', 'Zamora de Hidalgo'),
(890, 16, 'Zináparo', 'Zináparo'),
(891, 16, 'Zinapécuaro', 'Zinapécuaro de Figueroa'),
(892, 16, 'Ziracuaretiro', 'Ziracuaretiro'),
(893, 16, 'Zitácuaro', 'Heróica Zitácuaro'),
(894, 16, 'José Sixto Verduzco', 'Pastor Ortiz'),
(895, 17, 'Amacuzac', 'Amacuzac'),
(896, 17, 'Atlatlahucan', 'Atlatlahucan'),
(897, 17, 'Axochiapan', 'Axochiapan'),
(898, 17, 'Ayala', 'Ciudad Ayala'),
(899, 17, 'Coatlán del Río', 'Coatlán del Río'),
(900, 17, 'Cuautla', 'Cuautla'),
(901, 17, 'Cuernavaca', 'Cuernavaca'),
(902, 17, 'Emiliano Zapata', 'Emiliano Zapata'),
(903, 17, 'Huitzilac', 'Huitzilac'),
(904, 17, 'Jantetelco', 'Jantetelco'),
(905, 17, 'Jiutepec', 'Jiutepec'),
(906, 17, 'Jojutla', 'Jojutla'),
(907, 17, 'Jonacatepec', 'Jonacatepec'),
(908, 17, 'Mazatepec', 'Mazatepec'),
(909, 17, 'Miacatlán', 'Miacatlán'),
(910, 17, 'Ocuituco', 'Ocuituco'),
(911, 17, 'Puente de Ixtla', 'Puente de Ixtla'),
(912, 17, 'Temixco', 'Temixco'),
(913, 17, 'Tepalcingo', 'Tepalcingo'),
(914, 17, 'Tepoztlán', 'Tepoztlán'),
(915, 17, 'Tetecala', 'Tetecala'),
(916, 17, 'Tetela del Volcán', 'Tetela del Volcán'),
(917, 17, 'Tlalnepantla', 'Tlalnepantla'),
(918, 17, 'Tlaltizapán de Zapata', 'Tlaltizapán'),
(919, 17, 'Tlaquiltenango', 'Tlaquiltenango'),
(920, 17, 'Tlayacapan', 'Tlayacapan'),
(921, 17, 'Totolapan', 'Totolapan'),
(922, 17, 'Xochitepec', 'Xochitepec'),
(923, 17, 'Yautepec', 'Yautepec de Zaragoza'),
(924, 17, 'Yecapixtla', 'Yecapixtla'),
(925, 17, 'Zacatepec', 'Zacatepec de Hidalgo'),
(926, 17, 'Zacualpan de Amilpas', 'Zacualpan de Amilpas'),
(927, 17, 'Temoac', 'Temoac'),
(928, 18, 'Acaponeta', 'Acaponeta'),
(929, 18, 'Ahuacatlán', 'Ahuacatlán'),
(930, 18, 'Amatlán de Cañas', 'Amatlán de Cañas'),
(931, 18, 'Compostela', 'Compostela'),
(932, 18, 'Huajicori', 'Huajicori'),
(933, 18, 'Ixtlán del Río', 'Ixtlán del Río'),
(934, 18, 'Jala', 'Jala'),
(935, 18, 'Xalisco', 'Xalisco'),
(936, 18, 'Del Nayar', 'Jesús María'),
(937, 18, 'Rosamorada', 'Rosamorada'),
(938, 18, 'Ruíz', 'Ruíz'),
(939, 18, 'San Blas', 'San Blas'),
(940, 18, 'San Pedro Lagunillas', 'San Pedro Lagunillas'),
(941, 18, 'Santa María del Oro', 'Santa María del Oro'),
(942, 18, 'Santiago Ixcuintla', 'Santiago Ixcuintla'),
(943, 18, 'Tecuala', 'Tecuala'),
(944, 18, 'Tepic', 'Tepic'),
(945, 18, 'Tuxpan', 'Tuxpan'),
(946, 18, 'La Yesca', 'La Yesca'),
(947, 18, 'Bahía de Banderas', 'Valle de Banderas'),
(948, 19, 'Abasolo', 'Abasolo'),
(949, 19, 'Agualeguas', 'Agualeguas'),
(950, 19, 'Los Aldamas', 'Los Aldamas'),
(951, 19, 'Allende', 'Ciudad de Allende'),
(952, 19, 'Anáhuac', 'Anáhuac'),
(953, 19, 'Apodaca', 'Ciudad Apodaca'),
(954, 19, 'Aramberri', 'Aramberri'),
(955, 19, 'Bustamante', 'Bustamante'),
(956, 19, 'Cadereyta Jiménez', 'Cadereyta Jiménez'),
(957, 19, 'El Carmen', 'Carmen'),
(958, 19, 'Cerralvo', 'Ciudad Cerralvo'),
(959, 19, 'Ciénega de Flores', 'Ciénega de Flores'),
(960, 19, 'China', 'China'),
(961, 19, 'Doctor Arroyo', 'Doctor Arroyo'),
(962, 19, 'Doctor Coss', 'Doctor Coss'),
(963, 19, 'Doctor González', 'Doctor González'),
(964, 19, 'Galeana', 'Galeana'),
(965, 19, 'García', 'García'),
(966, 19, 'San Pedro Garza García', 'San Pedro Garza García'),
(967, 19, 'General Bravo', 'General Bravo'),
(968, 19, 'General Escobedo', 'Ciudad General Escobedo'),
(969, 19, 'General Terán', 'Ciudad General Terán'),
(970, 19, 'General Treviño', 'General Treviño'),
(971, 19, 'General Zaragoza', 'General Zaragoza'),
(972, 19, 'General Zuazua', 'General Zuazua'),
(973, 19, 'Guadalupe', 'Guadalupe'),
(974, 19, 'Los Herreras', 'Los Herreras'),
(975, 19, 'Higueras', 'Higueras'),
(976, 19, 'Hualahuises', 'Hualahuises'),
(977, 19, 'Iturbide', 'Iturbide'),
(978, 19, 'Juárez', 'Ciudad Benito Juárez'),
(979, 19, 'Lampazos de Naranjo', 'Lampazos de Naranjo'),
(980, 19, 'Linares', 'Linares'),
(981, 19, 'Marín', 'Marín'),
(982, 19, 'Melchor Ocampo', 'Melchor Ocampo'),
(983, 19, 'Mier y Noriega', 'Mier y Noriega'),
(984, 19, 'Mina', 'Mina'),
(985, 19, 'Montemorelos', 'Montemorelos'),
(986, 19, 'Monterrey', 'Monterrey'),
(987, 19, 'Parás', 'Parás'),
(988, 19, 'Pesquería', 'Pesquería'),
(989, 19, 'Los Ramones', 'Los Ramones'),
(990, 19, 'Rayones', 'Rayones'),
(991, 19, 'Sabinas Hidalgo', 'Ciudad Sabinas Hidalgo'),
(992, 19, 'Salinas Victoria', 'Salinas Victoria'),
(993, 19, 'San Nicolás de los Garza', 'San Nicolás de los Garza'),
(994, 19, 'Hidalgo', 'Hidalgo'),
(995, 19, 'Santa Catarina', 'Ciudad Santa Catarina'),
(996, 19, 'Santiago', 'Santiago'),
(997, 19, 'Vallecillo', 'Vallecillo'),
(998, 19, 'Villaldama', 'Ciudad de Villaldama'),
(999, 20, 'Abejones', 'Abejones'),
(1000, 20, 'Acatlán de Pérez Figueroa', 'Acatlán de Pérez Figueroa'),
(1001, 20, 'Asunción Cacalotepec', 'Asunción Cacalotepec'),
(1002, 20, 'Asunción Cuyotepeji', 'Asunción Cuyotepeji'),
(1003, 20, 'Asunción Ixtaltepec', 'Asunción Ixtaltepec'),
(1004, 20, 'Asunción Nochixtlán', 'Asunción Nochixtlán'),
(1005, 20, 'Asunción Ocotlán', 'Asunción Ocotlán'),
(1006, 20, 'Asunción Tlacolulita', 'Asunción Tlacolulita'),
(1007, 20, 'Ayotzintepec', 'Ayotzintepec'),
(1008, 20, 'El Barrio de la Soledad', 'El Barrio de la Soledad'),
(1009, 20, 'Calihualá', 'Calihualá'),
(1010, 20, 'Candelaria Loxicha', 'Candelaria Loxicha'),
(1011, 20, 'Ciénega de Zimatlán', 'Ciénega de Zimatlán'),
(1012, 20, 'Ciudad Ixtepec', 'Ciudad Ixtepec'),
(1013, 20, 'Coatecas Altas', 'Coatecas Altas'),
(1014, 20, 'Coicoyán de las Flores', 'Coicoyán de las Flores'),
(1015, 20, 'La Compañía', 'La Compañía'),
(1016, 20, 'Concepción Buenavista', 'Concepción Buenavista'),
(1017, 20, 'Concepción Pápalo', 'Concepción Pápalo'),
(1018, 20, 'Constancia del Rosario', 'Constancia del Rosario'),
(1019, 20, 'Cosolapa', 'Cosolapa'),
(1020, 20, 'Cosoltepec', 'Cosoltepec'),
(1021, 20, 'Cuilápam de Guerrero', 'Cuilápam de Guerrero'),
(1022, 20, 'Cuyamecalco Villa de Zaragoza', 'Cuyamecalco Villa de Zaragoza'),
(1023, 20, 'Chahuites', 'Chahuites'),
(1024, 20, 'Chalcatongo de Hidalgo', 'Chalcatongo de Hidalgo'),
(1025, 20, 'Chiquihuitlán de Benito Juárez', 'Chiquihuitlán de Benito Juárez'),
(1026, 20, 'Heroica Ciudad de Ejutla de Crespo', 'Heroica Ciudad de Ejutla de Crespo'),
(1027, 20, 'Eloxochitlán de Flores Magón', 'Eloxochitlán de Flores Magón'),
(1028, 20, 'El Espinal', 'El Espinal'),
(1029, 20, 'Tamazulápam del Espíritu Santo', 'Tamazulápam del Espíritu Santo'),
(1030, 20, 'Fresnillo de Trujano', 'Fresnillo de Trujano'),
(1031, 20, 'Guadalupe Etla', 'Guadalupe Etla'),
(1032, 20, 'Guadalupe de Ramírez', 'Guadalupe de Ramírez'),
(1033, 20, 'Guelatao de Juárez', 'Guelatao de Juárez'),
(1034, 20, 'Guevea de Humboldt', 'Guevea de Humboldt'),
(1035, 20, 'Mesones Hidalgo', 'Mesones Hidalgo'),
(1036, 20, 'Villa Hidalgo', 'Villa Hidalgo'),
(1037, 20, 'Heroica Ciudad de Huajuapan de León', 'Heroica Ciudad de Huajuapan de León'),
(1038, 20, 'Huautepec', 'Huautepec'),
(1039, 20, 'Huautla de Jiménez', 'Huautla de Jiménez'),
(1040, 20, 'Ixtlán de Juárez', 'Ixtlán de Juárez'),
(1041, 20, 'Heroica Ciudad de Juchitán de Zaragoza', 'Heroica Ciudad de Juchitán de Zaragoza'),
(1042, 20, 'Loma Bonita', 'Loma Bonita'),
(1043, 20, 'Magdalena Apasco', 'Magdalena Apasco'),
(1044, 20, 'Magdalena Jaltepec', 'Magdalena Jaltepec'),
(1045, 20, 'Santa Magdalena Jicotlán', 'Santa Magdalena Jicotlán'),
(1046, 20, 'Magdalena Mixtepec', 'Magdalena Mixtepec'),
(1047, 20, 'Magdalena Ocotlán', 'Magdalena Ocotlán'),
(1048, 20, 'Magdalena Peñasco', 'Magdalena Peñasco'),
(1049, 20, 'Magdalena Teitipac', 'Magdalena Teitipac'),
(1050, 20, 'Magdalena Tequisistlán', 'Magdalena Tequisistlán'),
(1051, 20, 'Magdalena Tlacotepec', 'Magdalena Tlacotepec'),
(1052, 20, 'Magdalena Zahuatlán', 'Magdalena Zahuatlán'),
(1053, 20, 'Mariscala de Juárez', 'Mariscala de Juárez'),
(1054, 20, 'Mártires de Tacubaya', 'Mártires de Tacubaya'),
(1055, 20, 'Matías Romero Avendaño', 'Matías Romero Avendaño'),
(1056, 20, 'Mazatlán Villa de Flores', 'Mazatlán Villa de Flores'),
(1057, 20, 'Miahuatlán de Porfirio Díaz', 'Miahuatlán de Porfirio Díaz'),
(1058, 20, 'Mixistlán de la Reforma', 'Mixistlán de la Reforma'),
(1059, 20, 'Monjas', 'Monjas'),
(1060, 20, 'Natividad', 'Natividad'),
(1061, 20, 'Nazareno Etla', 'Nazareno Etla'),
(1062, 20, 'Nejapa de Madero', 'Nejapa de Madero'),
(1063, 20, 'Ixpantepec Nieves', 'Ixpantepec Nieves'),
(1064, 20, 'Santiago Niltepec', 'Santiago Niltepec'),
(1065, 20, 'Oaxaca de Juárez', 'Oaxaca de Juárez'),
(1066, 20, 'Ocotlán de Morelos', 'Ocotlán de Morelos'),
(1067, 20, 'La Pe', 'La Pe'),
(1068, 20, 'Pinotepa de Don Luis', 'Pinotepa de Don Luis'),
(1069, 20, 'Pluma Hidalgo', 'Pluma Hidalgo'),
(1070, 20, 'San José del Progreso', 'San José del Progreso'),
(1071, 20, 'Putla Villa de Guerrero', 'Putla Villa de Guerrero'),
(1072, 20, 'Santa Catarina Quioquitani', 'Santa Catarina Quioquitani'),
(1073, 20, 'Reforma de Pineda', 'Reforma de Pineda'),
(1074, 20, 'La Reforma', 'La Reforma'),
(1075, 20, 'Reyes Etla', 'Reyes Etla'),
(1076, 20, 'Rojas de Cuauhtémoc', 'Rojas de Cuauhtémoc'),
(1077, 20, 'Salina Cruz', 'Salina Cruz'),
(1078, 20, 'San Agustín Amatengo', 'San Agustín Amatengo'),
(1079, 20, 'San Agustín Atenango', 'San Agustín Atenango'),
(1080, 20, 'San Agustín Chayuco', 'San Agustín Chayuco'),
(1081, 20, 'San Agustín de las Juntas', 'San Agustín de las Juntas'),
(1082, 20, 'San Agustín Etla', 'San Agustín Etla'),
(1083, 20, 'San Agustín Loxicha', 'San Agustín Loxicha'),
(1084, 20, 'San Agustín Tlacotepec', 'San Agustín Tlacotepec'),
(1085, 20, 'San Agustín Yatareni', 'San Agustín Yatareni'),
(1086, 20, 'San Andrés Cabecera Nueva', 'San Andrés Cabecera Nueva'),
(1087, 20, 'San Andrés Dinicuiti', 'San Andrés Dinicuiti'),
(1088, 20, 'San Andrés Huaxpaltepec', 'San Andrés Huaxpaltepec'),
(1089, 20, 'San Andrés Huayápam', 'San Andrés Huayápam'),
(1090, 20, 'San Andrés Ixtlahuaca', 'San Andrés Ixtlahuaca'),
(1091, 20, 'San Andrés Lagunas', 'San Andrés Lagunas'),
(1092, 20, 'San Andrés Nuxiño', 'San Andrés Nuxiño'),
(1093, 20, 'San Andrés Paxtlán', 'San Andrés Paxtlán'),
(1094, 20, 'San Andrés Sinaxtla', 'San Andrés Sinaxtla'),
(1095, 20, 'San Andrés Solaga', 'San Andrés Solaga'),
(1096, 20, 'San Andrés Teotilálpam', 'San Andrés Teotilálpam'),
(1097, 20, 'San Andrés Tepetlapa', 'San Andrés Tepetlapa'),
(1098, 20, 'San Andrés Yaá', 'San Andrés Yaá'),
(1099, 20, 'San Andrés Zabache', 'San Andrés Zabache'),
(1100, 20, 'San Andrés Zautla', 'San Andrés Zautla'),
(1101, 20, 'San Antonino Castillo Velasco', 'San Antonino Castillo Velasco'),
(1102, 20, 'San Antonino el Alto', 'San Antonino el Alto'),
(1103, 20, 'San Antonino Monte Verde', 'San Antonino Monte Verde'),
(1104, 20, 'San Antonio Acutla', 'San Antonio Acutla'),
(1105, 20, 'San Antonio de la Cal', 'San Antonio de la Cal'),
(1106, 20, 'San Antonio Huitepec', 'San Antonio Huitepec'),
(1107, 20, 'San Antonio Nanahuatípam', 'San Antonio Nanahuatípam'),
(1108, 20, 'San Antonio Sinicahua', 'San Antonio Sinicahua'),
(1109, 20, 'San Antonio Tepetlapa', 'San Antonio Tepetlapa'),
(1110, 20, 'San Baltazar Chichicápam', 'San Baltazar Chichicápam'),
(1111, 20, 'San Baltazar Loxicha', 'San Baltazar Loxicha'),
(1112, 20, 'San Baltazar Yatzachi el Bajo', 'San Baltazar Yatzachi el Bajo'),
(1113, 20, 'San Bartolo Coyotepec', 'San Bartolo Coyotepec'),
(1114, 20, 'San Bartolomé Ayautla', 'San Bartolomé Ayautla'),
(1115, 20, 'San Bartolomé Loxicha', 'San Bartolomé Loxicha'),
(1116, 20, 'San Bartolomé Quialana', 'San Bartolomé Quialana'),
(1117, 20, 'San Bartolomé Yucuañe', 'San Bartolomé Yucuañe'),
(1118, 20, 'San Bartolomé Zoogocho', 'San Bartolomé Zoogocho'),
(1119, 20, 'San Bartolo Soyaltepec', 'San Bartolo Soyaltepec'),
(1120, 20, 'San Bartolo Yautepec', 'San Bartolo Yautepec'),
(1121, 20, 'San Bernardo Mixtepec', 'San Bernardo Mixtepec'),
(1122, 20, 'San Blas Atempa', 'San Blas Atempa'),
(1123, 20, 'San Carlos Yautepec', 'San Carlos Yautepec'),
(1124, 20, 'San Cristóbal Amatlán', 'San Cristóbal Amatlán'),
(1125, 20, 'San Cristóbal Amoltepec', 'San Cristóbal Amoltepec'),
(1126, 20, 'San Cristóbal Lachirioag', 'San Cristóbal Lachirioag'),
(1127, 20, 'San Cristóbal Suchixtlahuaca', 'San Cristóbal Suchixtlahuaca'),
(1128, 20, 'San Dionisio del Mar', 'San Dionisio del Mar'),
(1129, 20, 'San Dionisio Ocotepec', 'San Dionisio Ocotepec'),
(1130, 20, 'San Dionisio Ocotlán', 'San Dionisio Ocotlán'),
(1131, 20, 'San Esteban Atatlahuca', 'San Esteban Atatlahuca'),
(1132, 20, 'San Felipe Jalapa de Díaz', 'San Felipe Jalapa de Díaz'),
(1133, 20, 'San Felipe Tejalápam', 'San Felipe Tejalápam'),
(1134, 20, 'San Felipe Usila', 'San Felipe Usila'),
(1135, 20, 'San Francisco Cahuacuá', 'San Francisco Cahuacuá'),
(1136, 20, 'San Francisco Cajonos', 'San Francisco Cajonos'),
(1137, 20, 'San Francisco Chapulapa', 'San Francisco Chapulapa'),
(1138, 20, 'San Francisco Chindúa', 'San Francisco Chindúa'),
(1139, 20, 'San Francisco del Mar', 'San Francisco del Mar'),
(1140, 20, 'San Francisco Huehuetlán', 'San Francisco Huehuetlán'),
(1141, 20, 'San Francisco Ixhuatán', 'San Francisco Ixhuatán'),
(1142, 20, 'San Francisco Jaltepetongo', 'San Francisco Jaltepetongo'),
(1143, 20, 'San Francisco Lachigoló', 'San Francisco Lachigoló'),
(1144, 20, 'San Francisco Logueche', 'San Francisco Logueche'),
(1145, 20, 'San Francisco Nuxaño', 'San Francisco Nuxaño'),
(1146, 20, 'San Francisco Ozolotepec', 'San Francisco Ozolotepec'),
(1147, 20, 'San Francisco Sola', 'San Francisco Sola'),
(1148, 20, 'San Francisco Telixtlahuaca', 'San Francisco Telixtlahuaca'),
(1149, 20, 'San Francisco Teopan', 'San Francisco Teopan'),
(1150, 20, 'San Francisco Tlapancingo', 'San Francisco Tlapancingo'),
(1151, 20, 'San Gabriel Mixtepec', 'San Gabriel Mixtepec');
INSERT INTO `municipio` (`id_municipio`, `id_estado`, `municipio`, `nom_cab`) VALUES
(1152, 20, 'San Ildefonso Amatlán', 'San Ildefonso Amatlán'),
(1153, 20, 'San Ildefonso Sola', 'San Ildefonso Sola'),
(1154, 20, 'San Ildefonso Villa Alta', 'San Ildefonso Villa Alta'),
(1155, 20, 'San Jacinto Amilpas', 'San Jacinto Amilpas'),
(1156, 20, 'San Jacinto Tlacotepec', 'San Jacinto Tlacotepec'),
(1157, 20, 'San Jerónimo Coatlán', 'San Jerónimo Coatlán'),
(1158, 20, 'San Jerónimo Silacayoapilla', 'San Jerónimo Silacayoapilla'),
(1159, 20, 'San Jerónimo Sosola', 'San Jerónimo Sosola'),
(1160, 20, 'San Jerónimo Taviche', 'San Jerónimo Taviche'),
(1161, 20, 'San Jerónimo Tecóatl', 'San Jerónimo Tecóatl'),
(1162, 20, 'San Jorge Nuchita', 'San Jorge Nuchita'),
(1163, 20, 'San José Ayuquila', 'San José Ayuquila'),
(1164, 20, 'San José Chiltepec', 'San José Chiltepec'),
(1165, 20, 'San José del Peñasco', 'San José del Peñasco'),
(1166, 20, 'San José Estancia Grande', 'San José Estancia Grande'),
(1167, 20, 'San José Independencia', 'San José Independencia'),
(1168, 20, 'San José Lachiguiri', 'San José Lachiguiri'),
(1169, 20, 'San José Tenango', 'San José Tenango'),
(1170, 20, 'San Juan Achiutla', 'San Juan Achiutla'),
(1171, 20, 'San Juan Atepec', 'San Juan Atepec'),
(1172, 20, 'Ánimas Trujano', 'Ánimas Trujano'),
(1173, 20, 'San Juan Bautista Atatlahuca', 'San Juan Bautista Atatlahuca'),
(1174, 20, 'San Juan Bautista Coixtlahuaca', 'San Juan Bautista Coixtlahuaca'),
(1175, 20, 'San Juan Bautista Cuicatlán', 'San Juan Bautista Cuicatlán'),
(1176, 20, 'San Juan Bautista Guelache', 'San Juan Bautista Guelache'),
(1177, 20, 'San Juan Bautista Jayacatlán', 'San Juan Bautista Jayacatlán'),
(1178, 20, 'San Juan Bautista Lo de Soto', 'San Juan Bautista Lo de Soto'),
(1179, 20, 'San Juan Bautista Suchitepec', 'San Juan Bautista Suchitepec'),
(1180, 20, 'San Juan Bautista Tlacoatzintepec', 'San Juan Bautista Tlacoatzintepec'),
(1181, 20, 'San Juan Bautista Tlachichilco', 'San Juan Bautista Tlachichilco'),
(1182, 20, 'San Juan Bautista Tuxtepec', 'San Juan Bautista Tuxtepec'),
(1183, 20, 'San Juan Cacahuatepec', 'San Juan Cacahuatepec'),
(1184, 20, 'San Juan Cieneguilla', 'San Juan Cieneguilla'),
(1185, 20, 'San Juan Coatzóspam', 'San Juan Coatzóspam'),
(1186, 20, 'San Juan Colorado', 'San Juan Colorado'),
(1187, 20, 'San Juan Comaltepec', 'San Juan Comaltepec'),
(1188, 20, 'San Juan Cotzocón', 'San Juan Cotzocón'),
(1189, 20, 'San Juan Chicomezúchil', 'San Juan Chicomezúchil'),
(1190, 20, 'San Juan Chilateca', 'San Juan Chilateca'),
(1191, 20, 'San Juan del Estado', 'San Juan del Estado'),
(1192, 20, 'San Juan del Río', 'San Juan del Río'),
(1193, 20, 'San Juan Diuxi', 'San Juan Diuxi'),
(1194, 20, 'San Juan Evangelista Analco', 'San Juan Evangelista Analco'),
(1195, 20, 'San Juan Guelavía', 'San Juan Guelavía'),
(1196, 20, 'San Juan Guichicovi', 'San Juan Guichicovi'),
(1197, 20, 'San Juan Ihualtepec', 'San Juan Ihualtepec'),
(1198, 20, 'San Juan Juquila Mixes', 'San Juan Juquila Mixes'),
(1199, 20, 'San Juan Juquila Vijanos', 'San Juan Juquila Vijanos'),
(1200, 20, 'San Juan Lachao', 'San Juan Lachao'),
(1201, 20, 'San Juan Lachigalla', 'San Juan Lachigalla'),
(1202, 20, 'San Juan Lajarcia', 'San Juan Lajarcia'),
(1203, 20, 'San Juan Lalana', 'San Juan Lalana'),
(1204, 20, 'San Juan de los Cués', 'San Juan de los Cués'),
(1205, 20, 'San Juan Mazatlán', 'San Juan Mazatlán'),
(1206, 20, 'San Juan Mixtepec', 'San Juan Mixtepec Distrito 08'),
(1207, 20, 'San Juan Mixtepec', 'San Juan Mixtepec Distrito 26'),
(1208, 20, 'San Juan Ñumí', 'San Juan Ñumí'),
(1209, 20, 'San Juan Ozolotepec', 'San Juan Ozolotepec'),
(1210, 20, 'San Juan Petlapa', 'San Juan Petlapa'),
(1211, 20, 'San Juan Quiahije', 'San Juan Quiahije'),
(1212, 20, 'San Juan Quiotepec', 'San Juan Quiotepec'),
(1213, 20, 'San Juan Sayultepec', 'San Juan Sayultepec'),
(1214, 20, 'San Juan Tabaá', 'San Juan Tabaá'),
(1215, 20, 'San Juan Tamazola', 'San Juan Tamazola'),
(1216, 20, 'San Juan Teita', 'San Juan Teita'),
(1217, 20, 'San Juan Teitipac', 'San Juan Teitipac'),
(1218, 20, 'San Juan Tepeuxila', 'San Juan Tepeuxila'),
(1219, 20, 'San Juan Teposcolula', 'San Juan Teposcolula'),
(1220, 20, 'San Juan Yaeé', 'San Juan Yaeé'),
(1221, 20, 'San Juan Yatzona', 'San Juan Yatzona'),
(1222, 20, 'San Juan Yucuita', 'San Juan Yucuita'),
(1223, 20, 'San Lorenzo', 'San Lorenzo'),
(1224, 20, 'San Lorenzo Albarradas', 'San Lorenzo Albarradas'),
(1225, 20, 'San Lorenzo Cacaotepec', 'San Lorenzo Cacaotepec'),
(1226, 20, 'San Lorenzo Cuaunecuiltitla', 'San Lorenzo Cuaunecuiltitla'),
(1227, 20, 'San Lorenzo Texmelúcan', 'San Lorenzo Texmelúcan'),
(1228, 20, 'San Lorenzo Victoria', 'San Lorenzo Victoria'),
(1229, 20, 'San Lucas Camotlán', 'San Lucas Camotlán'),
(1230, 20, 'San Lucas Ojitlán', 'San Lucas Ojitlán'),
(1231, 20, 'San Lucas Quiaviní', 'San Lucas Quiaviní'),
(1232, 20, 'San Lucas Zoquiápam', 'San Lucas Zoquiápam'),
(1233, 20, 'San Luis Amatlán', 'San Luis Amatlán'),
(1234, 20, 'San Marcial Ozolotepec', 'San Marcial Ozolotepec'),
(1235, 20, 'San Marcos Arteaga', 'San Marcos Arteaga'),
(1236, 20, 'San Martín de los Cansecos', 'San Martín de los Cansecos'),
(1237, 20, 'San Martín Huamelúlpam', 'San Martín Huamelúlpam'),
(1238, 20, 'San Martín Itunyoso', 'San Martín Itunyoso'),
(1239, 20, 'San Martín Lachilá', 'San Martín Lachilá'),
(1240, 20, 'San Martín Peras', 'San Martín Peras'),
(1241, 20, 'San Martín Tilcajete', 'San Martín Tilcajete'),
(1242, 20, 'San Martín Toxpalan', 'San Martín Toxpalan'),
(1243, 20, 'San Martín Zacatepec', 'San Martín Zacatepec'),
(1244, 20, 'San Mateo Cajonos', 'San Mateo Cajonos'),
(1245, 20, 'Capulálpam de Méndez', 'Capulálpam de Méndez'),
(1246, 20, 'San Mateo del Mar', 'San Mateo del Mar'),
(1247, 20, 'San Mateo Yoloxochitlán', 'San Mateo Yoloxochitlán'),
(1248, 20, 'San Mateo Etlatongo', 'San Mateo Etlatongo'),
(1249, 20, 'San Mateo Nejápam', 'San Mateo Nejápam'),
(1250, 20, 'San Mateo Peñasco', 'San Mateo Peñasco'),
(1251, 20, 'San Mateo Piñas', 'San Mateo Piñas'),
(1252, 20, 'San Mateo Río Hondo', 'San Mateo Río Hondo'),
(1253, 20, 'San Mateo Sindihui', 'San Mateo Sindihui'),
(1254, 20, 'San Mateo Tlapiltepec', 'San Mateo Tlapiltepec'),
(1255, 20, 'San Melchor Betaza', 'San Melchor Betaza'),
(1256, 20, 'San Miguel Achiutla', 'San Miguel Achiutla'),
(1257, 20, 'San Miguel Ahuehuetitlán', 'San Miguel Ahuehuetitlán'),
(1258, 20, 'San Miguel Aloápam', 'San Miguel Aloápam'),
(1259, 20, 'San Miguel Amatitlán', 'San Miguel Amatitlán'),
(1260, 20, 'San Miguel Amatlán', 'San Miguel Amatlán'),
(1261, 20, 'San Miguel Coatlán', 'San Miguel Coatlán'),
(1262, 20, 'San Miguel Chicahua', 'San Miguel Chicahua'),
(1263, 20, 'San Miguel Chimalapa', 'San Miguel Chimalapa'),
(1264, 20, 'San Miguel del Puerto', 'San Miguel del Puerto'),
(1265, 20, 'San Miguel del Río', 'San Miguel del Río'),
(1266, 20, 'San Miguel Ejutla', 'San Miguel Ejutla'),
(1267, 20, 'San Miguel el Grande', 'San Miguel el Grande'),
(1268, 20, 'San Miguel Huautla', 'San Miguel Huautla'),
(1269, 20, 'San Miguel Mixtepec', 'San Miguel Mixtepec'),
(1270, 20, 'San Miguel Panixtlahuaca', 'San Miguel Panixtlahuaca'),
(1271, 20, 'San Miguel Peras', 'San Miguel Peras'),
(1272, 20, 'San Miguel Piedras', 'San Miguel Piedras'),
(1273, 20, 'San Miguel Quetzaltepec', 'San Miguel Quetzaltepec'),
(1274, 20, 'San Miguel Santa Flor', 'San Miguel Santa Flor'),
(1275, 20, 'Villa Sola de Vega', 'Villa Sola de Vega'),
(1276, 20, 'San Miguel Soyaltepec', 'Temascal'),
(1277, 20, 'San Miguel Suchixtepec', 'San Miguel Suchixtepec'),
(1278, 20, 'Villa Talea de Castro', 'Villa Talea de Castro'),
(1279, 20, 'San Miguel Tecomatlán', 'San Miguel Tecomatlán'),
(1280, 20, 'San Miguel Tenango', 'San Miguel Tenango'),
(1281, 20, 'San Miguel Tequixtepec', 'San Miguel Tequixtepec'),
(1282, 20, 'San Miguel Tilquiápam', 'San Miguel Tilquiápam'),
(1283, 20, 'San Miguel Tlacamama', 'San Miguel Tlacamama'),
(1284, 20, 'San Miguel Tlacotepec', 'San Miguel Tlacotepec'),
(1285, 20, 'San Miguel Tulancingo', 'San Miguel Tulancingo'),
(1286, 20, 'San Miguel Yotao', 'San Miguel Yotao'),
(1287, 20, 'San Nicolás', 'San Nicolás'),
(1288, 20, 'San Nicolás Hidalgo', 'San Nicolás Hidalgo'),
(1289, 20, 'San Pablo Coatlán', 'San Pablo Coatlán'),
(1290, 20, 'San Pablo Cuatro Venados', 'San Pablo Cuatro Venados'),
(1291, 20, 'San Pablo Etla', 'San Pablo Etla'),
(1292, 20, 'San Pablo Huitzo', 'San Pablo Huitzo'),
(1293, 20, 'San Pablo Huixtepec', 'San Pablo Huixtepec'),
(1294, 20, 'San Pablo Macuiltianguis', 'San Pablo Macuiltianguis'),
(1295, 20, 'San Pablo Tijaltepec', 'San Pablo Tijaltepec'),
(1296, 20, 'San Pablo Villa de Mitla', 'San Pablo Villa de Mitla'),
(1297, 20, 'San Pablo Yaganiza', 'San Pablo Yaganiza'),
(1298, 20, 'San Pedro Amuzgos', 'San Pedro Amuzgos'),
(1299, 20, 'San Pedro Apóstol', 'San Pedro Apóstol'),
(1300, 20, 'San Pedro Atoyac', 'San Pedro Atoyac'),
(1301, 20, 'San Pedro Cajonos', 'San Pedro Cajonos'),
(1302, 20, 'San Pedro Coxcaltepec Cántaros', 'San Pedro Coxcaltepec Cántaros'),
(1303, 20, 'San Pedro Comitancillo', 'San Pedro Comitancillo'),
(1304, 20, 'San Pedro el Alto', 'San Pedro el Alto'),
(1305, 20, 'San Pedro Huamelula', 'San Pedro Huamelula'),
(1306, 20, 'San Pedro Huilotepec', 'San Pedro Huilotepec'),
(1307, 20, 'San Pedro Ixcatlán', 'San Pedro Ixcatlán'),
(1308, 20, 'San Pedro Ixtlahuaca', 'San Pedro Ixtlahuaca'),
(1309, 20, 'San Pedro Jaltepetongo', 'San Pedro Jaltepetongo'),
(1310, 20, 'San Pedro Jicayán', 'San Pedro Jicayán'),
(1311, 20, 'San Pedro Jocotipac', 'San Pedro Jocotipac'),
(1312, 20, 'San Pedro Juchatengo', 'San Pedro Juchatengo'),
(1313, 20, 'San Pedro Mártir', 'San Pedro Mártir'),
(1314, 20, 'San Pedro Mártir Quiechapa', 'San Pedro Mártir Quiechapa'),
(1315, 20, 'San Pedro Mártir Yucuxaco', 'San Pedro Mártir Yucuxaco'),
(1316, 20, 'San Pedro Mixtepec', 'San Pedro Mixtepec Distrito 22'),
(1317, 20, 'San Pedro Mixtepec', 'San Pedro Mixtepec Distrito 26'),
(1318, 20, 'San Pedro Molinos', 'San Pedro Molinos'),
(1319, 20, 'San Pedro Nopala', 'San Pedro Nopala'),
(1320, 20, 'San Pedro Ocopetatillo', 'San Pedro Ocopetatillo'),
(1321, 20, 'San Pedro Ocotepec', 'San Pedro Ocotepec'),
(1322, 20, 'San Pedro Pochutla', 'San Pedro Pochutla'),
(1323, 20, 'San Pedro Quiatoni', 'San Pedro Quiatoni'),
(1324, 20, 'San Pedro Sochiápam', 'San Pedro Sochiápam'),
(1325, 20, 'San Pedro Tapanatepec', 'San Pedro Tapanatepec'),
(1326, 20, 'San Pedro Taviche', 'San Pedro Taviche'),
(1327, 20, 'San Pedro Teozacoalco', 'San Pedro Teozacoalco'),
(1328, 20, 'San Pedro Teutila', 'San Pedro Teutila'),
(1329, 20, 'San Pedro Tidaá', 'San Pedro Tidaá'),
(1330, 20, 'San Pedro Topiltepec', 'San Pedro Topiltepec'),
(1331, 20, 'San Pedro Totolápam', 'San Pedro Totolápam'),
(1332, 20, 'Villa de Tututepec de Melchor Ocampo', 'Villa de Tututepec de Melchor Ocampo'),
(1333, 20, 'San Pedro Yaneri', 'San Pedro Yaneri'),
(1334, 20, 'San Pedro Yólox', 'San Pedro Yólox'),
(1335, 20, 'San Pedro y San Pablo Ayutla', 'San Pedro y San Pablo Ayutla'),
(1336, 20, 'Villa de Etla', 'Villa de Etla'),
(1337, 20, 'San Pedro y San Pablo Teposcolula', 'San Pedro y San Pablo Teposcolula'),
(1338, 20, 'San Pedro y San Pablo Tequixtepec', 'San Pedro y San Pablo Tequixtepec'),
(1339, 20, 'San Pedro Yucunama', 'San Pedro Yucunama'),
(1340, 20, 'San Raymundo Jalpan', 'San Raymundo Jalpan'),
(1341, 20, 'San Sebastián Abasolo', 'San Sebastián Abasolo'),
(1342, 20, 'San Sebastián Coatlán', 'San Sebastián Coatlán'),
(1343, 20, 'San Sebastián Ixcapa', 'San Sebastián Ixcapa'),
(1344, 20, 'San Sebastián Nicananduta', 'San Sebastián Nicananduta'),
(1345, 20, 'San Sebastián Río Hondo', 'San Sebastián Río Hondo'),
(1346, 20, 'San Sebastián Tecomaxtlahuaca', 'San Sebastián Tecomaxtlahuaca'),
(1347, 20, 'San Sebastián Teitipac', 'San Sebastián Teitipac'),
(1348, 20, 'San Sebastián Tutla', 'San Sebastián Tutla'),
(1349, 20, 'San Simón Almolongas', 'San Simón Almolongas'),
(1350, 20, 'San Simón Zahuatlán', 'San Simón Zahuatlán'),
(1351, 20, 'Santa Ana', 'Santa Ana'),
(1352, 20, 'Santa Ana Ateixtlahuaca', 'Santa Ana Ateixtlahuaca'),
(1353, 20, 'Santa Ana Cuauhtémoc', 'Santa Ana Cuauhtémoc'),
(1354, 20, 'Santa Ana del Valle', 'Santa Ana del Valle'),
(1355, 20, 'Santa Ana Tavela', 'Santa Ana Tavela'),
(1356, 20, 'Santa Ana Tlapacoyan', 'Santa Ana Tlapacoyan'),
(1357, 20, 'Santa Ana Yareni', 'Santa Ana Yareni'),
(1358, 20, 'Santa Ana Zegache', 'Santa Ana Zegache'),
(1359, 20, 'Santa Catalina Quierí', 'Santa Catalina Quierí'),
(1360, 20, 'Santa Catarina Cuixtla', 'Santa Catarina Cuixtla'),
(1361, 20, 'Santa Catarina Ixtepeji', 'Santa Catarina Ixtepeji'),
(1362, 20, 'Santa Catarina Juquila', 'Santa Catarina Juquila'),
(1363, 20, 'Santa Catarina Lachatao', 'Santa Catarina Lachatao'),
(1364, 20, 'Santa Catarina Loxicha', 'Santa Catarina Loxicha'),
(1365, 20, 'Santa Catarina Mechoacán', 'Santa Catarina Mechoacán'),
(1366, 20, 'Santa Catarina Minas', 'Santa Catarina Minas'),
(1367, 20, 'Santa Catarina Quiané', 'Santa Catarina Quiané'),
(1368, 20, 'Santa Catarina Tayata', 'Santa Catarina Tayata'),
(1369, 20, 'Santa Catarina Ticuá', 'Santa Catarina Ticuá'),
(1370, 20, 'Santa Catarina Yosonotú', 'Santa Catarina Yosonotú'),
(1371, 20, 'Santa Catarina Zapoquila', 'Santa Catarina Zapoquila'),
(1372, 20, 'Santa Cruz Acatepec', 'Santa Cruz Acatepec'),
(1373, 20, 'Santa Cruz Amilpas', 'Santa Cruz Amilpas'),
(1374, 20, 'Santa Cruz de Bravo', 'Santa Cruz de Bravo'),
(1375, 20, 'Santa Cruz Itundujia', 'Santa Cruz Itundujia'),
(1376, 20, 'Santa Cruz Mixtepec', 'Santa Cruz Mixtepec'),
(1377, 20, 'Santa Cruz Nundaco', 'Santa Cruz Nundaco'),
(1378, 20, 'Santa Cruz Papalutla', 'Santa Cruz Papalutla'),
(1379, 20, 'Santa Cruz Tacache de Mina', 'Santa Cruz Tacache de Mina'),
(1380, 20, 'Santa Cruz Tacahua', 'Santa Cruz Tacahua'),
(1381, 20, 'Santa Cruz Tayata', 'Santa Cruz Tayata'),
(1382, 20, 'Santa Cruz Xitla', 'Santa Cruz Xitla'),
(1383, 20, 'Santa Cruz Xoxocotlán', 'Santa Cruz Xoxocotlán'),
(1384, 20, 'Santa Cruz Zenzontepec', 'Santa Cruz Zenzontepec'),
(1385, 20, 'Santa Gertrudis', 'Santa Gertrudis'),
(1386, 20, 'Santa Inés del Monte', 'Santa Inés del Monte'),
(1387, 20, 'Santa Inés Yatzeche', 'Santa Inés Yatzeche'),
(1388, 20, 'Santa Lucía del Camino', 'Santa Lucía del Camino'),
(1389, 20, 'Santa Lucía Miahuatlán', 'Santa Lucía Miahuatlán'),
(1390, 20, 'Santa Lucía Monteverde', 'Santa Lucía Monteverde'),
(1391, 20, 'Santa Lucía Ocotlán', 'Santa Lucía Ocotlán'),
(1392, 20, 'Santa María Alotepec', 'Santa María Alotepec'),
(1393, 20, 'Santa María Apazco', 'Santa María Apazco'),
(1394, 20, 'Santa María la Asunción', 'Santa María la Asunción'),
(1395, 20, 'Heroica Ciudad de Tlaxiaco', 'Heroica Ciudad de Tlaxiaco'),
(1396, 20, 'Ayoquezco de Aldama', 'Ayoquezco de Aldama'),
(1397, 20, 'Santa María Atzompa', 'Santa María Atzompa'),
(1398, 20, 'Santa María Camotlán', 'Santa María Camotlán'),
(1399, 20, 'Santa María Colotepec', 'Santa María Colotepec'),
(1400, 20, 'Santa María Cortijo', 'Santa María Cortijo'),
(1401, 20, 'Santa María Coyotepec', 'Santa María Coyotepec'),
(1402, 20, 'Santa María Chachoápam', 'Santa María Chachoápam'),
(1403, 20, 'Villa de Chilapa de Díaz', 'Villa de Chilapa de Díaz'),
(1404, 20, 'Santa María Chilchotla', 'Santa María Chilchotla'),
(1405, 20, 'Santa María Chimalapa', 'Santa María Chimalapa'),
(1406, 20, 'Santa María del Rosario', 'Santa María del Rosario'),
(1407, 20, 'Santa María del Tule', 'Santa María del Tule'),
(1408, 20, 'Santa María Ecatepec', 'Santa María Ecatepec'),
(1409, 20, 'Santa María Guelacé', 'Santa María Guelacé'),
(1410, 20, 'Santa María Guienagati', 'Santa María Guienagati'),
(1411, 20, 'Santa María Huatulco', 'Santa María Huatulco'),
(1412, 20, 'Santa María Huazolotitlán', 'Santa María Huazolotitlán'),
(1413, 20, 'Santa María Ipalapa', 'Santa María Ipalapa'),
(1414, 20, 'Santa María Ixcatlán', 'Santa María Ixcatlán'),
(1415, 20, 'Santa María Jacatepec', 'Santa María Jacatepec'),
(1416, 20, 'Santa María Jalapa del Marqués', 'Santa María Jalapa del Marqués'),
(1417, 20, 'Santa María Jaltianguis', 'Santa María Jaltianguis'),
(1418, 20, 'Santa María Lachixío', 'Santa María Lachixío'),
(1419, 20, 'Santa María Mixtequilla', 'Santa María Mixtequilla'),
(1420, 20, 'Santa María Nativitas', 'Santa María Nativitas'),
(1421, 20, 'Santa María Nduayaco', 'Santa María Nduayaco'),
(1422, 20, 'Santa María Ozolotepec', 'Santa María Ozolotepec'),
(1423, 20, 'Santa María Pápalo', 'Santa María Pápalo'),
(1424, 20, 'Santa María Peñoles', 'Santa María Peñoles'),
(1425, 20, 'Santa María Petapa', 'Santa María Petapa'),
(1426, 20, 'Santa María Quiegolani', 'Santa María Quiegolani'),
(1427, 20, 'Santa María Sola', 'Santa María Sola'),
(1428, 20, 'Santa María Tataltepec', 'Santa María Tataltepec'),
(1429, 20, 'Santa María Tecomavaca', 'Santa María Tecomavaca'),
(1430, 20, 'Santa María Temaxcalapa', 'Santa María Temaxcalapa'),
(1431, 20, 'Santa María Temaxcaltepec', 'Santa María Temaxcaltepec'),
(1432, 20, 'Santa María Teopoxco', 'Santa María Teopoxco'),
(1433, 20, 'Santa María Tepantlali', 'Santa María Tepantlali'),
(1434, 20, 'Santa María Texcatitlán', 'Santa María Texcatitlán'),
(1435, 20, 'Santa María Tlahuitoltepec', 'Santa María Tlahuitoltepec'),
(1436, 20, 'Santa María Tlalixtac', 'Santa María Tlalixtac'),
(1437, 20, 'Santa María Tonameca', 'Santa María Tonameca'),
(1438, 20, 'Santa María Totolapilla', 'Santa María Totolapilla'),
(1439, 20, 'Santa María Xadani', 'Santa María Xadani'),
(1440, 20, 'Santa María Yalina', 'Santa María Yalina'),
(1441, 20, 'Santa María Yavesía', 'Santa María Yavesía'),
(1442, 20, 'Santa María Yolotepec', 'Santa María Yolotepec'),
(1443, 20, 'Santa María Yosoyúa', 'Santa María Yosoyúa'),
(1444, 20, 'Santa María Yucuhiti', 'Santa María Yucuhiti'),
(1445, 20, 'Santa María Zacatepec', 'Santa María Zacatepec'),
(1446, 20, 'Santa María Zaniza', 'Santa María Zaniza'),
(1447, 20, 'Santa María Zoquitlán', 'Santa María Zoquitlán'),
(1448, 20, 'Santiago Amoltepec', 'Santiago Amoltepec'),
(1449, 20, 'Santiago Apoala', 'Santiago Apoala'),
(1450, 20, 'Santiago Apóstol', 'Santiago Apóstol'),
(1451, 20, 'Santiago Astata', 'Santiago Astata'),
(1452, 20, 'Santiago Atitlán', 'Santiago Atitlán'),
(1453, 20, 'Santiago Ayuquililla', 'Santiago Ayuquililla'),
(1454, 20, 'Santiago Cacaloxtepec', 'Santiago Cacaloxtepec'),
(1455, 20, 'Santiago Camotlán', 'Santiago Camotlán'),
(1456, 20, 'Santiago Comaltepec', 'Santiago Comaltepec'),
(1457, 20, 'Santiago Chazumba', 'Santiago Chazumba'),
(1458, 20, 'Santiago Choápam', 'Santiago Choápam'),
(1459, 20, 'Santiago del Río', 'Santiago del Río'),
(1460, 20, 'Santiago Huajolotitlán', 'Santiago Huajolotitlán'),
(1461, 20, 'Santiago Huauclilla', 'Santiago Huauclilla'),
(1462, 20, 'Santiago Ihuitlán Plumas', 'Santiago Ihuitlán Plumas'),
(1463, 20, 'Santiago Ixcuintepec', 'Santiago Ixcuintepec'),
(1464, 20, 'Santiago Ixtayutla', 'Santiago Ixtayutla'),
(1465, 20, 'Santiago Jamiltepec', 'Santiago Jamiltepec'),
(1466, 20, 'Santiago Jocotepec', 'Monte Negro'),
(1467, 20, 'Santiago Juxtlahuaca', 'Santiago Juxtlahuaca'),
(1468, 20, 'Santiago Lachiguiri', 'Santiago Lachiguiri'),
(1469, 20, 'Santiago Lalopa', 'Santiago Lalopa'),
(1470, 20, 'Santiago Laollaga', 'Santiago Laollaga'),
(1471, 20, 'Santiago Laxopa', 'Santiago Laxopa'),
(1472, 20, 'Santiago Llano Grande', 'Santiago Llano Grande'),
(1473, 20, 'Santiago Matatlán', 'Santiago Matatlán'),
(1474, 20, 'Santiago Miltepec', 'Santiago Miltepec'),
(1475, 20, 'Santiago Minas', 'Santiago Minas'),
(1476, 20, 'Santiago Nacaltepec', 'Santiago Nacaltepec'),
(1477, 20, 'Santiago Nejapilla', 'Santiago Nejapilla'),
(1478, 20, 'Santiago Nundiche', 'Santiago Nundiche'),
(1479, 20, 'Santiago Nuyoó', 'Santiago Nuyoó'),
(1480, 20, 'Santiago Pinotepa Nacional', 'Santiago Pinotepa Nacional'),
(1481, 20, 'Santiago Suchilquitongo', 'Santiago Suchilquitongo'),
(1482, 20, 'Santiago Tamazola', 'Santiago Tamazola'),
(1483, 20, 'Santiago Tapextla', 'Santiago Tapextla'),
(1484, 20, 'Villa Tejúpam de la Unión', 'Villa Tejúpam de la Unión'),
(1485, 20, 'Santiago Tenango', 'Santiago Tenango'),
(1486, 20, 'Santiago Tepetlapa', 'Santiago Tepetlapa'),
(1487, 20, 'Santiago Tetepec', 'Santiago Tetepec'),
(1488, 20, 'Santiago Texcalcingo', 'Santiago Texcalcingo'),
(1489, 20, 'Santiago Textitlán', 'Santiago Textitlán'),
(1490, 20, 'Santiago Tilantongo', 'Santiago Tilantongo'),
(1491, 20, 'Santiago Tillo', 'Santiago Tillo'),
(1492, 20, 'Santiago Tlazoyaltepec', 'Santiago Tlazoyaltepec'),
(1493, 20, 'Santiago Xanica', 'Santiago Xanica'),
(1494, 20, 'Santiago Xiacuí', 'Santiago Xiacuí'),
(1495, 20, 'Santiago Yaitepec', 'Santiago Yaitepec'),
(1496, 20, 'Santiago Yaveo', 'Santiago Yaveo'),
(1497, 20, 'Santiago Yolomécatl', 'Santiago Yolomécatl'),
(1498, 20, 'Santiago Yosondúa', 'Santiago Yosondúa'),
(1499, 20, 'Santiago Yucuyachi', 'Santiago Yucuyachi'),
(1500, 20, 'Santiago Zacatepec', 'Santiago Zacatepec'),
(1501, 20, 'Santiago Zoochila', 'Santiago Zoochila'),
(1502, 20, 'Nuevo Zoquiápam', 'Nuevo Zoquiápam'),
(1503, 20, 'Santo Domingo Ingenio', 'Santo Domingo Ingenio'),
(1504, 20, 'Santo Domingo Albarradas', 'Santo Domingo Albarradas'),
(1505, 20, 'Santo Domingo Armenta', 'Santo Domingo Armenta'),
(1506, 20, 'Santo Domingo Chihuitán', 'Santo Domingo Chihuitán'),
(1507, 20, 'Santo Domingo de Morelos', 'Santo Domingo de Morelos'),
(1508, 20, 'Santo Domingo Ixcatlán', 'Santo Domingo Ixcatlán'),
(1509, 20, 'Santo Domingo Nuxaá', 'Santo Domingo Nuxaá'),
(1510, 20, 'Santo Domingo Ozolotepec', 'Santo Domingo Ozolotepec'),
(1511, 20, 'Santo Domingo Petapa', 'Santo Domingo Petapa'),
(1512, 20, 'Santo Domingo Roayaga', 'Santo Domingo Roayaga'),
(1513, 20, 'Santo Domingo Tehuantepec', 'Santo Domingo Tehuantepec'),
(1514, 20, 'Santo Domingo Teojomulco', 'Santo Domingo Teojomulco'),
(1515, 20, 'Santo Domingo Tepuxtepec', 'Santo Domingo Tepuxtepec'),
(1516, 20, 'Santo Domingo Tlatayápam', 'Santo Domingo Tlatayápam'),
(1517, 20, 'Santo Domingo Tomaltepec', 'Santo Domingo Tomaltepec'),
(1518, 20, 'Santo Domingo Tonalá', 'Santo Domingo Tonalá'),
(1519, 20, 'Santo Domingo Tonaltepec', 'Santo Domingo Tonaltepec'),
(1520, 20, 'Santo Domingo Xagacía', 'Santo Domingo Xagacía'),
(1521, 20, 'Santo Domingo Yanhuitlán', 'Santo Domingo Yanhuitlán'),
(1522, 20, 'Santo Domingo Yodohino', 'Santo Domingo Yodohino'),
(1523, 20, 'Santo Domingo Zanatepec', 'Santo Domingo Zanatepec'),
(1524, 20, 'Santos Reyes Nopala', 'Santos Reyes Nopala'),
(1525, 20, 'Santos Reyes Pápalo', 'Santos Reyes Pápalo'),
(1526, 20, 'Santos Reyes Tepejillo', 'Santos Reyes Tepejillo'),
(1527, 20, 'Santos Reyes Yucuná', 'Santos Reyes Yucuná'),
(1528, 20, 'Santo Tomás Jalieza', 'Santo Tomás Jalieza'),
(1529, 20, 'Santo Tomás Mazaltepec', 'Santo Tomás Mazaltepec'),
(1530, 20, 'Santo Tomás Ocotepec', 'Santo Tomás Ocotepec'),
(1531, 20, 'Santo Tomás Tamazulapan', 'Santo Tomás Tamazulapan'),
(1532, 20, 'San Vicente Coatlán', 'San Vicente Coatlán'),
(1533, 20, 'San Vicente Lachixío', 'San Vicente Lachixío'),
(1534, 20, 'San Vicente Nuñú', 'San Vicente Nuñú'),
(1535, 20, 'Silacayoápam', 'Silacayoápam'),
(1536, 20, 'Sitio de Xitlapehua', 'Sitio de Xitlapehua'),
(1537, 20, 'Soledad Etla', 'Soledad Etla'),
(1538, 20, 'Villa de Tamazulápam del Progreso', 'Villa de Tamazulápam del Progreso'),
(1539, 20, 'Tanetze de Zaragoza', 'Tanetze de Zaragoza'),
(1540, 20, 'Taniche', 'Taniche'),
(1541, 20, 'Tataltepec de Valdés', 'Tataltepec de Valdés'),
(1542, 20, 'Teococuilco de Marcos Pérez', 'Teococuilco de Marcos Pérez'),
(1543, 20, 'Teotitlán de Flores Magón', 'Teotitlán de Flores Magón'),
(1544, 20, 'Teotitlán del Valle', 'Teotitlán del Valle'),
(1545, 20, 'Teotongo', 'Teotongo'),
(1546, 20, 'Tepelmeme Villa de Morelos', 'Tepelmeme Villa de Morelos'),
(1547, 20, 'Heroica Villa Tezoatlán de Segura y Luna, Cuna de la Independencia de Oaxaca', 'Heroica Villa Tezoatlán de Segura y Luna, Cuna de la Independencia de Oaxaca'),
(1548, 20, 'San Jerónimo Tlacochahuaya', 'San Jerónimo Tlacochahuaya'),
(1549, 20, 'Tlacolula de Matamoros', 'Tlacolula de Matamoros'),
(1550, 20, 'Tlacotepec Plumas', 'Tlacotepec Plumas'),
(1551, 20, 'Tlalixtac de Cabrera', 'Tlalixtac de Cabrera'),
(1552, 20, 'Totontepec Villa de Morelos', 'Totontepec Villa de Morelos'),
(1553, 20, 'Trinidad Zaachila', 'Trinidad Zaachila'),
(1554, 20, 'La Trinidad Vista Hermosa', 'La Trinidad Vista Hermosa'),
(1555, 20, 'Unión Hidalgo', 'Unión Hidalgo'),
(1556, 20, 'Valerio Trujano', 'Valerio Trujano'),
(1557, 20, 'San Juan Bautista Valle Nacional', 'San Juan Bautista Valle Nacional'),
(1558, 20, 'Villa Díaz Ordaz', 'Villa Díaz Ordaz'),
(1559, 20, 'Yaxe', 'Yaxe'),
(1560, 20, 'Magdalena Yodocono de Porfirio Díaz', 'Magdalena Yodocono de Porfirio Díaz'),
(1561, 20, 'Yogana', 'Yogana'),
(1562, 20, 'Yutanduchi de Guerrero', 'Yutanduchi de Guerrero'),
(1563, 20, 'Villa de Zaachila', 'Villa de Zaachila'),
(1564, 20, 'San Mateo Yucutindoo', 'San Mateo Yucutindoo'),
(1565, 20, 'Zapotitlán Lagunas', 'Zapotitlán Lagunas'),
(1566, 20, 'Zapotitlán Palmas', 'Zapotitlán Palmas'),
(1567, 20, 'Santa Inés de Zaragoza', 'Santa Inés de Zaragoza'),
(1568, 20, 'Zimatlán de Álvarez', 'Zimatlán de Álvarez'),
(1569, 21, 'Acajete', 'Acajete'),
(1570, 21, 'Acateno', 'San José Acateno'),
(1571, 21, 'Acatlán', 'Acatlán de Osorio'),
(1572, 21, 'Acatzingo', 'Acatzingo de Hidalgo'),
(1573, 21, 'Acteopan', 'Acteopan'),
(1574, 21, 'Ahuacatlán', 'Ahuacatlán'),
(1575, 21, 'Ahuatlán', 'Ahuatlán'),
(1576, 21, 'Ahuazotepec', 'Ahuazotepec'),
(1577, 21, 'Ahuehuetitla', 'Ahuehuetitla'),
(1578, 21, 'Ajalpan', 'Ciudad de Ajalpan'),
(1579, 21, 'Albino Zertuche', 'Acaxtlahuacán de Albino Zertuche'),
(1580, 21, 'Aljojuca', 'Aljojuca'),
(1581, 21, 'Altepexi', 'Altepexi'),
(1582, 21, 'Amixtlán', 'Amixtlán'),
(1583, 21, 'Amozoc', 'Amozoc de Mota'),
(1584, 21, 'Aquixtla', 'Aquixtla'),
(1585, 21, 'Atempan', 'Atempan'),
(1586, 21, 'Atexcal', 'San Martín Atexcal'),
(1587, 21, 'Atlixco', 'Atlixco'),
(1588, 21, 'Atoyatempan', 'Atoyatempan'),
(1589, 21, 'Atzala', 'Atzala'),
(1590, 21, 'Atzitzihuacán', 'Santiago Atzitzihuacán'),
(1591, 21, 'Atzitzintla', 'Atzitzintla'),
(1592, 21, 'Axutla', 'Axutla'),
(1593, 21, 'Ayotoxco de Guerrero', 'Ayotoxco de Guerrero'),
(1594, 21, 'Calpan', 'San Andrés Calpan'),
(1595, 21, 'Caltepec', 'Caltepec'),
(1596, 21, 'Camocuautla', 'Camocuautla'),
(1597, 21, 'Caxhuacan', 'Caxhuacan'),
(1598, 21, 'Coatepec', 'Coatepec'),
(1599, 21, 'Coatzingo', 'Coatzingo'),
(1600, 21, 'Cohetzala', 'Santa María Cohetzala'),
(1601, 21, 'Cohuecan', 'Cohuecan'),
(1602, 21, 'Coronango', 'Santa María Coronango'),
(1603, 21, 'Coxcatlán', 'Coxcatlán'),
(1604, 21, 'Coyomeapan', 'Santa María Coyomeapan'),
(1605, 21, 'Coyotepec', 'San Vicente Coyotepec'),
(1606, 21, 'Cuapiaxtla de Madero', 'Cuapiaxtla de Madero'),
(1607, 21, 'Cuautempan', 'San Esteban Cuautempan'),
(1608, 21, 'Cuautinchán', 'Cuautinchán'),
(1609, 21, 'Cuautlancingo', 'San Juan Cuautlancingo'),
(1610, 21, 'Cuayuca de Andrade', 'San Pedro Cuayuca'),
(1611, 21, 'Cuetzalan del Progreso', 'Ciudad de Cuetzalan'),
(1612, 21, 'Cuyoaco', 'Cuyoaco'),
(1613, 21, 'Chalchicomula de Sesma', 'Ciudad Serdán'),
(1614, 21, 'Chapulco', 'Chapulco'),
(1615, 21, 'Chiautla', 'Ciudad de Chiautla de Tapia'),
(1616, 21, 'Chiautzingo', 'San Lorenzo Chiautzingo'),
(1617, 21, 'Chiconcuautla', 'Chiconcuautla'),
(1618, 21, 'Chichiquila', 'Chichiquila'),
(1619, 21, 'Chietla', 'Chietla'),
(1620, 21, 'Chigmecatitlán', 'Chigmecatitlán'),
(1621, 21, 'Chignahuapan', 'Ciudad de Chignahuapan'),
(1622, 21, 'Chignautla', 'Chignautla'),
(1623, 21, 'Chila', 'Chila'),
(1624, 21, 'Chila de la Sal', 'Chila de la Sal'),
(1625, 21, 'Honey', 'Honey'),
(1626, 21, 'Chilchotla', 'Rafael J. García'),
(1627, 21, 'Chinantla', 'Chinantla'),
(1628, 21, 'Domingo Arenas', 'Domingo Arenas'),
(1629, 21, 'Eloxochitlán', 'Eloxochitlán'),
(1630, 21, 'Epatlán', 'San Juan Epatlán'),
(1631, 21, 'Esperanza', 'Esperanza'),
(1632, 21, 'Francisco Z. Mena', 'Metlaltoyuca'),
(1633, 21, 'General Felipe Ángeles', 'San Pablo de las Tunas'),
(1634, 21, 'Guadalupe', 'Guadalupe'),
(1635, 21, 'Guadalupe Victoria', 'Guadalupe Victoria'),
(1636, 21, 'Hermenegildo Galeana', 'Bienvenido'),
(1637, 21, 'Huaquechula', 'Huaquechula'),
(1638, 21, 'Huatlatlauca', 'Huatlatlauca'),
(1639, 21, 'Huauchinango', 'Huauchinango'),
(1640, 21, 'Huehuetla', 'Huehuetla'),
(1641, 21, 'Huehuetlán el Chico', 'Huehuetlán el Chico'),
(1642, 21, 'Huejotzingo', 'Huejotzingo'),
(1643, 21, 'Hueyapan', 'Hueyapan'),
(1644, 21, 'Hueytamalco', 'Hueytamalco'),
(1645, 21, 'Hueytlalpan', 'Hueytlalpan'),
(1646, 21, 'Huitzilan de Serdán', 'Huitzilan'),
(1647, 21, 'Huitziltepec', 'Santa Clara Huitziltepec'),
(1648, 21, 'Atlequizayan', 'Atlequizayan'),
(1649, 21, 'Ixcamilpa de Guerrero', 'Ixcamilpa'),
(1650, 21, 'Ixcaquixtla', 'San Juan Ixcaquixtla'),
(1651, 21, 'Ixtacamaxtitlán', 'Ixtacamaxtitlán'),
(1652, 21, 'Ixtepec', 'Ixtepec'),
(1653, 21, 'Izúcar de Matamoros', 'Izúcar de Matamoros'),
(1654, 21, 'Jalpan', 'Jalpan'),
(1655, 21, 'Jolalpan', 'Jolalpan'),
(1656, 21, 'Jonotla', 'Jonotla'),
(1657, 21, 'Jopala', 'Jopala'),
(1658, 21, 'Juan C. Bonilla', 'Cuanalá'),
(1659, 21, 'Juan Galindo', 'Nuevo Necaxa'),
(1660, 21, 'Juan N. Méndez', 'Atenayuca'),
(1661, 21, 'Lafragua', 'Saltillo'),
(1662, 21, 'Libres', 'Ciudad de Libres'),
(1663, 21, 'La Magdalena Tlatlauquitepec', 'La Magdalena Tlatlauquitepec'),
(1664, 21, 'Mazapiltepec de Juárez', 'Mazapiltepec de Juárez'),
(1665, 21, 'Mixtla', 'San Francisco Mixtla'),
(1666, 21, 'Molcaxac', 'Molcaxac'),
(1667, 21, 'Cañada Morelos', 'Morelos Cañada'),
(1668, 21, 'Naupan', 'Naupan'),
(1669, 21, 'Nauzontla', 'Nauzontla'),
(1670, 21, 'Nealtican', 'San Buenaventura Nealtican'),
(1671, 21, 'Nicolás Bravo', 'Nicolás Bravo'),
(1672, 21, 'Nopalucan', 'Nopalucan de la Granja'),
(1673, 21, 'Ocotepec', 'Ocotepec'),
(1674, 21, 'Ocoyucan', 'Santa Clara Ocoyucan'),
(1675, 21, 'Olintla', 'Olintla'),
(1676, 21, 'Oriental', 'Oriental'),
(1677, 21, 'Pahuatlán', 'Ciudad de Pahuatlán de Valle'),
(1678, 21, 'Palmar de Bravo', 'Palmar de Bravo'),
(1679, 21, 'Pantepec', 'Pantepec'),
(1680, 21, 'Petlalcingo', 'Petlalcingo'),
(1681, 21, 'Piaxtla', 'Piaxtla'),
(1682, 21, 'Puebla', 'Heróica Puebla de Zaragoza'),
(1683, 21, 'Quecholac', 'Quecholac'),
(1684, 21, 'Quimixtlán', 'Quimixtlán'),
(1685, 21, 'Rafael Lara Grajales', 'Ciudad de Rafael Lara Grajales'),
(1686, 21, 'Los Reyes de Juárez', 'Los Reyes de Juárez'),
(1687, 21, 'San Andrés Cholula', 'San Andrés Cholula'),
(1688, 21, 'San Antonio Cañada', 'San Antonio Cañada'),
(1689, 21, 'San Diego la Mesa Tochimiltzingo', 'Tochimiltzingo'),
(1690, 21, 'San Felipe Teotlalcingo', 'San Felipe Teotlalcingo'),
(1691, 21, 'San Felipe Tepatlán', 'San Felipe Tepatlán'),
(1692, 21, 'San Gabriel Chilac', 'San Gabriel Chilac'),
(1693, 21, 'San Gregorio Atzompa', 'San Gregorio Atzompa'),
(1694, 21, 'San Jerónimo Tecuanipan', 'San Jerónimo Tecuanipan'),
(1695, 21, 'San Jerónimo Xayacatlán', 'San Jerónimo Xayacatlán'),
(1696, 21, 'San José Chiapa', 'San José Chiapa'),
(1697, 21, 'San José Miahuatlán', 'San José Miahuatlán'),
(1698, 21, 'San Juan Atenco', 'San Juan Atenco'),
(1699, 21, 'San Juan Atzompa', 'San Juan Atzompa'),
(1700, 21, 'San Martín Texmelucan', 'San Martín Texmelucan de Labastida'),
(1701, 21, 'San Martín Totoltepec', 'San Martín Totoltepec'),
(1702, 21, 'San Matías Tlalancaleca', 'San Matías Tlalancaleca'),
(1703, 21, 'San Miguel Ixitlán', 'San Miguel Ixitlán'),
(1704, 21, 'San Miguel Xoxtla', 'San Miguel Xoxtla'),
(1705, 21, 'San Nicolás Buenos Aires', 'San Nicolás Buenos Aires'),
(1706, 21, 'San Nicolás de los Ranchos', 'San Nicolás de los Ranchos'),
(1707, 21, 'San Pablo Anicano', 'San Pablo Anicano'),
(1708, 21, 'San Pedro Cholula', 'Cholula de Rivadavia'),
(1709, 21, 'San Pedro Yeloixtlahuaca', 'San Pedro Yeloixtlahuaca'),
(1710, 21, 'San Salvador el Seco', 'San Salvador el Seco'),
(1711, 21, 'San Salvador el Verde', 'San Salvador el Verde'),
(1712, 21, 'San Salvador Huixcolotla', 'San Salvador Huixcolotla'),
(1713, 21, 'San Sebastián Tlacotepec', 'Tlacotepec de Porfirio Díaz'),
(1714, 21, 'Santa Catarina Tlaltempan', 'Santa Catarina Tlaltempan'),
(1715, 21, 'Santa Inés Ahuatempan', 'Santa Inés Ahuatempan'),
(1716, 21, 'Santa Isabel Cholula', 'Santa Isabel Cholula'),
(1717, 21, 'Santiago Miahuatlán', 'Santiago Miahuatlán'),
(1718, 21, 'Huehuetlán el Grande', 'Santo Domingo Huehuetlán'),
(1719, 21, 'Santo Tomás Hueyotlipan', 'Santo Tomás Hueyotlipan'),
(1720, 21, 'Soltepec', 'Soltepec'),
(1721, 21, 'Tecali de Herrera', 'Tecali de Herrera'),
(1722, 21, 'Tecamachalco', 'Tecamachalco'),
(1723, 21, 'Tecomatlán', 'Tecomatlán'),
(1724, 21, 'Tehuacán', 'Tehuacán'),
(1725, 21, 'Tehuitzingo', 'Tehuitzingo'),
(1726, 21, 'Tenampulco', 'Tenampulco'),
(1727, 21, 'Teopantlán', 'Teopantlán'),
(1728, 21, 'Teotlalco', 'Teotlalco'),
(1729, 21, 'Tepanco de López', 'Tepanco de López'),
(1730, 21, 'Tepango de Rodríguez', 'Tepango de Rodríguez'),
(1731, 21, 'Tepatlaxco de Hidalgo', 'Tepatlaxco de Hidalgo'),
(1732, 21, 'Tepeaca', 'Tepeaca'),
(1733, 21, 'Tepemaxalco', 'San Felipe Tepemaxalco'),
(1734, 21, 'Tepeojuma', 'Tepeojuma'),
(1735, 21, 'Tepetzintla', 'Tepetzintla'),
(1736, 21, 'Tepexco', 'Tepexco'),
(1737, 21, 'Tepexi de Rodríguez', 'Tepexi de Rodríguez'),
(1738, 21, 'Tepeyahualco', 'Tepeyahualco'),
(1739, 21, 'Tepeyahualco de Cuauhtémoc', 'Tepeyahualco de Cuauhtémoc'),
(1740, 21, 'Tetela de Ocampo', 'Ciudad de Tetela de Ocampo'),
(1741, 21, 'Teteles de Avila Castillo', 'Teteles de Avila Castillo'),
(1742, 21, 'Teziutlán', 'Teziutlán'),
(1743, 21, 'Tianguismanalco', 'Tianguismanalco'),
(1744, 21, 'Tilapa', 'Tilapa'),
(1745, 21, 'Tlacotepec de Benito Juárez', 'Tlacotepec de Benito Juárez'),
(1746, 21, 'Tlacuilotepec', 'Tlacuilotepec'),
(1747, 21, 'Tlachichuca', 'Tlachichuca'),
(1748, 21, 'Tlahuapan', 'Santa Rita Tlahuapan'),
(1749, 21, 'Tlaltenango', 'Tlaltenango'),
(1750, 21, 'Tlanepantla', 'Tlanepantla'),
(1751, 21, 'Tlaola', 'Tlaola'),
(1752, 21, 'Tlapacoya', 'Tlapacoya'),
(1753, 21, 'Tlapanalá', 'Tlapanalá'),
(1754, 21, 'Tlatlauquitepec', 'Ciudad de Tlatlauquitepec'),
(1755, 21, 'Tlaxco', 'Tlaxco'),
(1756, 21, 'Tochimilco', 'Tochimilco'),
(1757, 21, 'Tochtepec', 'Tochtepec'),
(1758, 21, 'Totoltepec de Guerrero', 'Totoltepec de Guerrero'),
(1759, 21, 'Tulcingo', 'Tulcingo de Valle'),
(1760, 21, 'Tuzamapan de Galeana', 'Tuzamapan de Galeana'),
(1761, 21, 'Tzicatlacoyan', 'Tzicatlacoyan'),
(1762, 21, 'Venustiano Carranza', 'Venustiano Carranza'),
(1763, 21, 'Vicente Guerrero', 'Santa María del Monte'),
(1764, 21, 'Xayacatlán de Bravo', 'Xayacatlán de Bravo'),
(1765, 21, 'Xicotepec', 'Xicotepec de Juárez'),
(1766, 21, 'Xicotlán', 'Xicotlán'),
(1767, 21, 'Xiutetelco', 'San Juan Xiutetelco'),
(1768, 21, 'Xochiapulco', 'Cinco de Mayo'),
(1769, 21, 'Xochiltepec', 'Xochiltepec'),
(1770, 21, 'Xochitlán de Vicente Suárez', 'Xochitlán de Vicente Suárez'),
(1771, 21, 'Xochitlán Todos Santos', 'Xochitlán'),
(1772, 21, 'Yaonáhuac', 'Yaonáhuac'),
(1773, 21, 'Yehualtepec', 'Yehualtepec'),
(1774, 21, 'Zacapala', 'Zacapala'),
(1775, 21, 'Zacapoaxtla', 'Zacapoaxtla'),
(1776, 21, 'Zacatlán', 'Zacatlán'),
(1777, 21, 'Zapotitlán', 'Zapotitlán Salinas'),
(1778, 21, 'Zapotitlán de Méndez', 'Zapotitlán de Méndez'),
(1779, 21, 'Zaragoza', 'Zaragoza'),
(1780, 21, 'Zautla', 'Santiago Zautla'),
(1781, 21, 'Zihuateutla', 'Zihuateutla'),
(1782, 21, 'Zinacatepec', 'San Sebastián Zinacatepec'),
(1783, 21, 'Zongozotla', 'Zongozotla'),
(1784, 21, 'Zoquiapan', 'Zoquiapan'),
(1785, 21, 'Zoquitlán', 'Zoquitlán'),
(1786, 22, 'Amealco de Bonfil', 'Amealco de Bonfil'),
(1787, 22, 'Pinal de Amoles', 'Pinal de Amoles'),
(1788, 22, 'Arroyo Seco', 'Arroyo Seco'),
(1789, 22, 'Cadereyta de Montes', 'Cadereyta de Montes'),
(1790, 22, 'Colón', 'Colón'),
(1791, 22, 'Corregidora', 'El Pueblito'),
(1792, 22, 'Ezequiel Montes', 'Ezequiel Montes'),
(1793, 22, 'Huimilpan', 'Huimilpan'),
(1794, 22, 'Jalpan de Serra', 'Jalpan de Serra'),
(1795, 22, 'Landa de Matamoros', 'Landa de Matamoros'),
(1796, 22, 'El Marqués', 'La Cañada'),
(1797, 22, 'Pedro Escobedo', 'Pedro Escobedo'),
(1798, 22, 'Peñamiller', 'Peñamiller'),
(1799, 22, 'Querétaro', 'Santiago de Querétaro'),
(1800, 22, 'San Joaquín', 'San Joaquín'),
(1801, 22, 'San Juan del Río', 'San Juan del Río'),
(1802, 22, 'Tequisquiapan', 'Tequisquiapan'),
(1803, 22, 'Tolimán', 'Tolimán'),
(1804, 23, 'Cozumel', 'Cozumel'),
(1805, 23, 'Felipe Carrillo Puerto', 'Felipe Carrillo Puerto'),
(1806, 23, 'Isla Mujeres', 'Isla Mujeres'),
(1807, 23, 'Othón P. Blanco', 'Chetumal'),
(1808, 23, 'Benito Juárez', 'Cancún'),
(1809, 23, 'José María Morelos', 'José María Morelos'),
(1810, 23, 'Lázaro Cárdenas', 'Kantunilkín'),
(1811, 23, 'Solidaridad', 'Playa del Carmen'),
(1812, 23, 'Tulum', 'Tulum'),
(1813, 23, 'Bacalar', 'Bacalar'),
(1814, 24, 'Ahualulco', 'Ahualulco del Sonido 13'),
(1815, 24, 'Alaquines', 'Alaquines'),
(1816, 24, 'Aquismón', 'Aquismón'),
(1817, 24, 'Armadillo de los Infante', 'Armadillo de los Infante'),
(1818, 24, 'Cárdenas', 'Cárdenas'),
(1819, 24, 'Catorce', 'Real de Catorce'),
(1820, 24, 'Cedral', 'Cedral'),
(1821, 24, 'Cerritos', 'Cerritos'),
(1822, 24, 'Cerro de San Pedro', 'Cerro de San Pedro'),
(1823, 24, 'Ciudad del Maíz', 'Ciudad del Maíz'),
(1824, 24, 'Ciudad Fernández', 'Ciudad Fernández'),
(1825, 24, 'Tancanhuitz', 'Tancanhuitz'),
(1826, 24, 'Ciudad Valles', 'Ciudad Valles'),
(1827, 24, 'Coxcatlán', 'Coxcatlán'),
(1828, 24, 'Charcas', 'Charcas'),
(1829, 24, 'Ebano', 'Ebano'),
(1830, 24, 'Guadalcázar', 'Guadalcázar'),
(1831, 24, 'Huehuetlán', 'Huehuetlán'),
(1832, 24, 'Lagunillas', 'Lagunillas'),
(1833, 24, 'Matehuala', 'Matehuala'),
(1834, 24, 'Mexquitic de Carmona', 'Mexquitic de Carmona'),
(1835, 24, 'Moctezuma', 'Moctezuma'),
(1836, 24, 'Rayón', 'Rayón'),
(1837, 24, 'Rioverde', 'Rioverde'),
(1838, 24, 'Salinas', 'Salinas de Hidalgo'),
(1839, 24, 'San Antonio', 'San Antonio'),
(1840, 24, 'San Ciro de Acosta', 'San Ciro de Acosta'),
(1841, 24, 'San Luis Potosí', 'San Luis Potosí'),
(1842, 24, 'San Martín Chalchicuautla', 'San Martín Chalchicuautla'),
(1843, 24, 'San Nicolás Tolentino', 'San Nicolás Tolentino'),
(1844, 24, 'Santa Catarina', 'Santa Catarina'),
(1845, 24, 'Santa María del Río', 'Santa María del Río'),
(1846, 24, 'Santo Domingo', 'Santo Domingo'),
(1847, 24, 'San Vicente Tancuayalab', 'San Vicente Tancuayalab'),
(1848, 24, 'Soledad de Graciano Sánchez', 'Soledad de Graciano Sánchez'),
(1849, 24, 'Tamasopo', 'Tamasopo'),
(1850, 24, 'Tamazunchale', 'Tamazunchale'),
(1851, 24, 'Tampacán', 'Tampacán'),
(1852, 24, 'Tampamolón Corona', 'Tampamolón Corona'),
(1853, 24, 'Tamuín', 'Tamuín'),
(1854, 24, 'Tanlajás', 'Tanlajás'),
(1855, 24, 'Tanquián de Escobedo', 'Tanquián de Escobedo'),
(1856, 24, 'Tierra Nueva', 'Tierra Nueva'),
(1857, 24, 'Vanegas', 'Vanegas'),
(1858, 24, 'Venado', 'Venado'),
(1859, 24, 'Villa de Arriaga', 'Villa de Arriaga'),
(1860, 24, 'Villa de Guadalupe', 'Villa de Guadalupe'),
(1861, 24, 'Villa de la Paz', 'Villa de la Paz'),
(1862, 24, 'Villa de Ramos', 'Villa de Ramos'),
(1863, 24, 'Villa de Reyes', 'Villa de Reyes'),
(1864, 24, 'Villa Hidalgo', 'Villa Hidalgo'),
(1865, 24, 'Villa Juárez', 'Villa Juárez'),
(1866, 24, 'Axtla de Terrazas', 'Axtla de Terrazas'),
(1867, 24, 'Xilitla', 'Xilitla'),
(1868, 24, 'Zaragoza', 'Villa de Zaragoza'),
(1869, 24, 'Villa de Arista', 'Villa de Arista'),
(1870, 24, 'Matlapa', 'Matlapa'),
(1871, 24, 'El Naranjo', 'El Naranjo'),
(1872, 25, 'Ahome', 'Los Mochis'),
(1873, 25, 'Angostura', 'Angostura'),
(1874, 25, 'Badiraguato', 'Badiraguato'),
(1875, 25, 'Concordia', 'Concordia'),
(1876, 25, 'Cosalá', 'Cosalá'),
(1877, 25, 'Culiacán', 'Culiacán Rosales'),
(1878, 25, 'Choix', 'Choix'),
(1879, 25, 'Elota', 'La Cruz'),
(1880, 25, 'Escuinapa', 'Escuinapa de Hidalgo'),
(1881, 25, 'El Fuerte', 'El Fuerte'),
(1882, 25, 'Guasave', 'Guasave'),
(1883, 25, 'Mazatlán', 'Mazatlán'),
(1884, 25, 'Mocorito', 'Mocorito'),
(1885, 25, 'Rosario', 'El Rosario'),
(1886, 25, 'Salvador Alvarado', 'Guamúchil'),
(1887, 25, 'San Ignacio', 'San Ignacio'),
(1888, 25, 'Sinaloa', 'Sinaloa de Leyva'),
(1889, 25, 'Navolato', 'Navolato'),
(1890, 26, 'Aconchi', 'Aconchi'),
(1891, 26, 'Agua Prieta', 'Agua Prieta'),
(1892, 26, 'Alamos', 'Alamos'),
(1893, 26, 'Altar', 'Altar'),
(1894, 26, 'Arivechi', 'Arivechi'),
(1895, 26, 'Arizpe', 'Arizpe'),
(1896, 26, 'Atil', 'Atil'),
(1897, 26, 'Bacadéhuachi', 'Bacadéhuachi'),
(1898, 26, 'Bacanora', 'Bacanora'),
(1899, 26, 'Bacerac', 'Bacerac'),
(1900, 26, 'Bacoachi', 'Bacoachi'),
(1901, 26, 'Bácum', 'Bácum'),
(1902, 26, 'Banámichi', 'Banámichi'),
(1903, 26, 'Baviácora', 'Baviácora'),
(1904, 26, 'Bavispe', 'Bavispe'),
(1905, 26, 'Benjamín Hill', 'Benjamín Hill'),
(1906, 26, 'Caborca', 'Heroica Caborca'),
(1907, 26, 'Cajeme', 'Ciudad Obregón'),
(1908, 26, 'Cananea', 'Heroica Ciudad de Cananea'),
(1909, 26, 'Carbó', 'Carbó'),
(1910, 26, 'La Colorada', 'La Colorada'),
(1911, 26, 'Cucurpe', 'Cucurpe'),
(1912, 26, 'Cumpas', 'Cumpas'),
(1913, 26, 'Divisaderos', 'Divisaderos'),
(1914, 26, 'Empalme', 'Empalme'),
(1915, 26, 'Etchojoa', 'Etchojoa'),
(1916, 26, 'Fronteras', 'Fronteras'),
(1917, 26, 'Granados', 'Granados'),
(1918, 26, 'Guaymas', 'Heroica Guaymas'),
(1919, 26, 'Hermosillo', 'Hermosillo'),
(1920, 26, 'Huachinera', 'Huachinera'),
(1921, 26, 'Huásabas', 'Huásabas'),
(1922, 26, 'Huatabampo', 'Huatabampo'),
(1923, 26, 'Huépac', 'Huépac'),
(1924, 26, 'Imuris', 'Imuris'),
(1925, 26, 'Magdalena', 'Magdalena de Kino'),
(1926, 26, 'Mazatán', 'Mazatán'),
(1927, 26, 'Moctezuma', 'Moctezuma'),
(1928, 26, 'Naco', 'Naco'),
(1929, 26, 'Nácori Chico', 'Nácori Chico'),
(1930, 26, 'Nacozari de García', 'Nacozari de García'),
(1931, 26, 'Navojoa', 'Navojoa'),
(1932, 26, 'Nogales', 'Heroica Nogales'),
(1933, 26, 'Onavas', 'Onavas'),
(1934, 26, 'Opodepe', 'Opodepe'),
(1935, 26, 'Oquitoa', 'Oquitoa'),
(1936, 26, 'Pitiquito', 'Pitiquito'),
(1937, 26, 'Puerto Peñasco', 'Puerto Peñasco'),
(1938, 26, 'Quiriego', 'Quiriego'),
(1939, 26, 'Rayón', 'Rayón'),
(1940, 26, 'Rosario', 'Rosario'),
(1941, 26, 'Sahuaripa', 'Sahuaripa'),
(1942, 26, 'San Felipe de Jesús', 'San Felipe de Jesús'),
(1943, 26, 'San Javier', 'San Javier'),
(1944, 26, 'San Luis Río Colorado', 'San Luis Río Colorado'),
(1945, 26, 'San Miguel de Horcasitas', 'San Miguel de Horcasitas'),
(1946, 26, 'San Pedro de la Cueva', 'San Pedro de la Cueva'),
(1947, 26, 'Santa Ana', 'Santa Ana'),
(1948, 26, 'Santa Cruz', 'Santa Cruz'),
(1949, 26, 'Sáric', 'Sáric'),
(1950, 26, 'Soyopa', 'Soyopa'),
(1951, 26, 'Suaqui Grande', 'Suaqui Grande'),
(1952, 26, 'Tepache', 'Tepache'),
(1953, 26, 'Trincheras', 'Trincheras'),
(1954, 26, 'Tubutama', 'Tubutama'),
(1955, 26, 'Ures', 'Heroica Ciudad de Ures'),
(1956, 26, 'Villa Hidalgo', 'Villa Hidalgo'),
(1957, 26, 'Villa Pesqueira', 'Villa Pesqueira (Mátape)'),
(1958, 26, 'Yécora', 'Yécora'),
(1959, 26, 'General Plutarco Elías Calles', 'Sonoita'),
(1960, 26, 'Benito Juárez', 'Villa Juárez'),
(1961, 26, 'San Ignacio Río Muerto', 'San Ignacio Río Muerto'),
(1962, 27, 'Balancán', 'Balancán'),
(1963, 27, 'Cárdenas', 'Cárdenas'),
(1964, 27, 'Centla', 'Frontera'),
(1965, 27, 'Centro', 'Villahermosa'),
(1966, 27, 'Comalcalco', 'Comalcalco'),
(1967, 27, 'Cunduacán', 'Cunduacán'),
(1968, 27, 'Emiliano Zapata', 'Emiliano Zapata'),
(1969, 27, 'Huimanguillo', 'Huimanguillo'),
(1970, 27, 'Jalapa', 'Jalapa'),
(1971, 27, 'Jalpa de Méndez', 'Jalpa de Méndez'),
(1972, 27, 'Jonuta', 'Jonuta'),
(1973, 27, 'Macuspana', 'Macuspana'),
(1974, 27, 'Nacajuca', 'Nacajuca'),
(1975, 27, 'Paraíso', 'Paraíso'),
(1976, 27, 'Tacotalpa', 'Tacotalpa'),
(1977, 27, 'Teapa', 'Teapa'),
(1978, 27, 'Tenosique', 'Tenosique de Pino Suárez'),
(1979, 28, 'Abasolo', 'Abasolo'),
(1980, 28, 'Aldama', 'Aldama'),
(1981, 28, 'Altamira', 'Altamira'),
(1982, 28, 'Antiguo Morelos', 'Antiguo Morelos'),
(1983, 28, 'Burgos', 'Burgos'),
(1984, 28, 'Bustamante', 'Bustamante'),
(1985, 28, 'Camargo', 'Ciudad Camargo'),
(1986, 28, 'Casas', 'Casas'),
(1987, 28, 'Ciudad Madero', 'Ciudad Madero'),
(1988, 28, 'Cruillas', 'Cruillas'),
(1989, 28, 'Gómez Farías', 'Gómez Farías'),
(1990, 28, 'González', 'González'),
(1991, 28, 'Güémez', 'Güémez'),
(1992, 28, 'Guerrero', 'Nueva Ciudad Guerrero'),
(1993, 28, 'Gustavo Díaz Ordaz', 'Ciudad Gustavo Díaz Ordaz'),
(1994, 28, 'Hidalgo', 'Hidalgo'),
(1995, 28, 'Jaumave', 'Jaumave'),
(1996, 28, 'Jiménez', 'Santander Jiménez'),
(1997, 28, 'Llera', 'Llera de Canales'),
(1998, 28, 'Mainero', 'Villa Mainero'),
(1999, 28, 'El Mante', 'Ciudad Mante'),
(2000, 28, 'Matamoros', 'Heroica Matamoros'),
(2001, 28, 'Méndez', 'Méndez'),
(2002, 28, 'Mier', 'Mier'),
(2003, 28, 'Miguel Alemán', 'Ciudad Miguel Alemán'),
(2004, 28, 'Miquihuana', 'Miquihuana'),
(2005, 28, 'Nuevo Laredo', 'Nuevo Laredo'),
(2006, 28, 'Nuevo Morelos', 'Nuevo Morelos'),
(2007, 28, 'Ocampo', 'Ocampo'),
(2008, 28, 'Padilla', 'Nueva Villa de Padilla'),
(2009, 28, 'Palmillas', 'Palmillas'),
(2010, 28, 'Reynosa', 'Reynosa'),
(2011, 28, 'Río Bravo', 'Ciudad Río Bravo'),
(2012, 28, 'San Carlos', 'San Carlos'),
(2013, 28, 'San Fernando', 'San Fernando'),
(2014, 28, 'San Nicolás', 'San Nicolás'),
(2015, 28, 'Soto la Marina', 'Soto la Marina'),
(2016, 28, 'Tampico', 'Tampico'),
(2017, 28, 'Tula', 'Ciudad Tula'),
(2018, 28, 'Valle Hermoso', 'Valle Hermoso'),
(2019, 28, 'Victoria', 'Ciudad Victoria'),
(2020, 28, 'Villagrán', 'Villagrán'),
(2021, 28, 'Xicoténcatl', 'Xicoténcatl'),
(2022, 29, 'Amaxac de Guerrero', 'Amaxac de Guerrero'),
(2023, 29, 'Apetatitlán de Antonio Carvajal', 'Apetatitlán'),
(2024, 29, 'Atlangatepec', 'Atlangatepec'),
(2025, 29, 'Atltzayanca', 'Atlzayanca'),
(2026, 29, 'Apizaco', 'Ciudad de Apizaco'),
(2027, 29, 'Calpulalpan', 'Calpulalpan'),
(2028, 29, 'El Carmen Tequexquitla', 'Villa de El Carmen Tequexquitla'),
(2029, 29, 'Cuapiaxtla', 'Cuapiaxtla'),
(2030, 29, 'Cuaxomulco', 'Cuaxomulco'),
(2031, 29, 'Chiautempan', 'Santa Ana Chiautempan'),
(2032, 29, 'Muñoz de Domingo Arenas', 'Muñoz'),
(2033, 29, 'Españita', 'Españita'),
(2034, 29, 'Huamantla', 'Huamantla'),
(2035, 29, 'Hueyotlipan', 'Hueyotlipan'),
(2036, 29, 'Ixtacuixtla de Mariano Matamoros', 'Villa Mariano Matamoros'),
(2037, 29, 'Ixtenco', 'Ixtenco'),
(2038, 29, 'Mazatecochco de José María Morelos', 'Mazatecochco'),
(2039, 29, 'Contla de Juan Cuamatzi', 'Contla'),
(2040, 29, 'Tepetitla de Lardizábal', 'Tepetitla'),
(2041, 29, 'Sanctórum de Lázaro Cárdenas', 'Sanctórum'),
(2042, 29, 'Nanacamilpa de Mariano Arista', 'Ciudad de Nanacamilpa'),
(2043, 29, 'Acuamanala de Miguel Hidalgo', 'Acuamanala'),
(2044, 29, 'Natívitas', 'Natívitas'),
(2045, 29, 'Panotla', 'Panotla'),
(2046, 29, 'San Pablo del Monte', 'Villa Vicente Guerrero'),
(2047, 29, 'Santa Cruz Tlaxcala', 'Santa Cruz Tlaxcala'),
(2048, 29, 'Tenancingo', 'Tenancingo'),
(2049, 29, 'Teolocholco', 'Teolocholco'),
(2050, 29, 'Tepeyanco', 'Tepeyanco'),
(2051, 29, 'Terrenate', 'Terrenate'),
(2052, 29, 'Tetla de la Solidaridad', 'Tetla'),
(2053, 29, 'Tetlatlahuca', 'Tetlatlahuca'),
(2054, 29, 'Tlaxcala', 'Tlaxcala de Xicohténcatl'),
(2055, 29, 'Tlaxco', 'Tlaxco'),
(2056, 29, 'Tocatlán', 'Tocatlán'),
(2057, 29, 'Totolac', 'San Juan Totolac'),
(2058, 29, 'Ziltlaltépec de Trinidad Sánchez Santos', 'Zitlaltépec'),
(2059, 29, 'Tzompantepec', 'Tzompantepec'),
(2060, 29, 'Xaloztoc', 'Xaloztoc'),
(2061, 29, 'Xaltocan', 'Xaltocan'),
(2062, 29, 'Papalotla de Xicohténcatl', 'Papalotla'),
(2063, 29, 'Xicohtzinco', 'Xicohtzinco'),
(2064, 29, 'Yauhquemehcan', 'San Dionisio Yauhquemehcan'),
(2065, 29, 'Zacatelco', 'Zacatelco'),
(2066, 29, 'Benito Juárez', 'Benito Juárez'),
(2067, 29, 'Emiliano Zapata', 'Emiliano Zapata'),
(2068, 29, 'Lázaro Cárdenas', 'Lázaro Cárdenas'),
(2069, 29, 'La Magdalena Tlaltelulco', 'La Magdalena Tlaltelulco'),
(2070, 29, 'San Damián Texóloc', 'San Damián Texóloc'),
(2071, 29, 'San Francisco Tetlanohcan', 'San Francisco Tetlanohcan'),
(2072, 29, 'San Jerónimo Zacualpan', 'San Jerónimo Zacualpan'),
(2073, 29, 'San José Teacalco', 'San José Teacalco'),
(2074, 29, 'San Juan Huactzinco', 'San Juan Huactzinco'),
(2075, 29, 'San Lorenzo Axocomanitla', 'San Lorenzo Axocomanitla'),
(2076, 29, 'San Lucas Tecopilco', 'San Lucas Tecopilco'),
(2077, 29, 'Santa Ana Nopalucan', 'Santa Ana Nopalucan'),
(2078, 29, 'Santa Apolonia Teacalco', 'Santa Apolonia Teacalco'),
(2079, 29, 'Santa Catarina Ayometla', 'Santa Catarina Ayometla'),
(2080, 29, 'Santa Cruz Quilehtla', 'Santa Cruz Quilehtla'),
(2081, 29, 'Santa Isabel Xiloxoxtla', 'Santa Isabel Xiloxoxtla'),
(2082, 30, 'Acajete', 'Acajete'),
(2083, 30, 'Acatlán', 'Acatlán'),
(2084, 30, 'Acayucan', 'Acayucan'),
(2085, 30, 'Actopan', 'Actopan'),
(2086, 30, 'Acula', 'Acula'),
(2087, 30, 'Acultzingo', 'Acultzingo'),
(2088, 30, 'Camarón de Tejeda', 'Camarón de Tejeda'),
(2089, 30, 'Alpatláhuac', 'Alpatláhuac'),
(2090, 30, 'Alto Lucero de Gutiérrez Barrios', 'Alto Lucero'),
(2091, 30, 'Altotonga', 'Altotonga'),
(2092, 30, 'Alvarado', 'Alvarado'),
(2093, 30, 'Amatitlán', 'Amatitlán'),
(2094, 30, 'Naranjos Amatlán', 'Naranjos'),
(2095, 30, 'Amatlán de los Reyes', 'Amatlán de los Reyes'),
(2096, 30, 'Angel R. Cabada', 'Ángel R. Cabada'),
(2097, 30, 'La Antigua', 'José Cardel'),
(2098, 30, 'Apazapan', 'Apazapan'),
(2099, 30, 'Aquila', 'Aquila'),
(2100, 30, 'Astacinga', 'Astacinga'),
(2101, 30, 'Atlahuilco', 'Atlahuilco'),
(2102, 30, 'Atoyac', 'Atoyac'),
(2103, 30, 'Atzacan', 'Atzacan'),
(2104, 30, 'Atzalan', 'Atzalan'),
(2105, 30, 'Tlaltetela', 'Tlaltetela'),
(2106, 30, 'Ayahualulco', 'Ayahualulco'),
(2107, 30, 'Banderilla', 'Banderilla'),
(2108, 30, 'Benito Juárez', 'Benito Juárez'),
(2109, 30, 'Boca del Río', 'Boca del Río'),
(2110, 30, 'Calcahualco', 'Calcahualco'),
(2111, 30, 'Camerino Z. Mendoza', 'Ciudad Mendoza'),
(2112, 30, 'Carrillo Puerto', 'Tamarindo'),
(2113, 30, 'Catemaco', 'Catemaco'),
(2114, 30, 'Cazones de Herrera', 'Cazones de Herrera'),
(2115, 30, 'Cerro Azul', 'Cerro Azul'),
(2116, 30, 'Citlaltépetl', 'Citlaltépec'),
(2117, 30, 'Coacoatzintla', 'Coacoatzintla'),
(2118, 30, 'Coahuitlán', 'Progreso de Zaragoza'),
(2119, 30, 'Coatepec', 'Coatepec'),
(2120, 30, 'Coatzacoalcos', 'Coatzacoalcos'),
(2121, 30, 'Coatzintla', 'Coatzintla'),
(2122, 30, 'Coetzala', 'Coetzala'),
(2123, 30, 'Colipa', 'Colipa'),
(2124, 30, 'Comapa', 'Comapa'),
(2125, 30, 'Córdoba', 'Córdoba'),
(2126, 30, 'Cosamaloapan de Carpio', 'Cosamaloapan'),
(2127, 30, 'Cosautlán de Carvajal', 'Cosautlán de Carvajal'),
(2128, 30, 'Coscomatepec', 'Coscomatepec de Bravo'),
(2129, 30, 'Cosoleacaque', 'Cosoleacaque'),
(2130, 30, 'Cotaxtla', 'Cotaxtla'),
(2131, 30, 'Coxquihui', 'Coxquihui'),
(2132, 30, 'Coyutla', 'Coyutla'),
(2133, 30, 'Cuichapa', 'Cuichapa'),
(2134, 30, 'Cuitláhuac', 'Cuitláhuac'),
(2135, 30, 'Chacaltianguis', 'Chacaltianguis'),
(2136, 30, 'Chalma', 'Chalma'),
(2137, 30, 'Chiconamel', 'Chiconamel'),
(2138, 30, 'Chiconquiaco', 'Chiconquiaco'),
(2139, 30, 'Chicontepec', 'Chicontepec de Tejeda'),
(2140, 30, 'Chinameca', 'Chinameca'),
(2141, 30, 'Chinampa de Gorostiza', 'Chinampa de Gorostiza'),
(2142, 30, 'Las Choapas', 'Las Choapas'),
(2143, 30, 'Chocamán', 'Chocamán'),
(2144, 30, 'Chontla', 'Chontla'),
(2145, 30, 'Chumatlán', 'Chumatlán'),
(2146, 30, 'Emiliano Zapata', 'Dos Ríos'),
(2147, 30, 'Espinal', 'Espinal'),
(2148, 30, 'Filomeno Mata', 'Filomeno Mata'),
(2149, 30, 'Fortín', 'Fortín de las Flores'),
(2150, 30, 'Gutiérrez Zamora', 'Gutiérrez Zamora'),
(2151, 30, 'Hidalgotitlán', 'Hidalgotitlán'),
(2152, 30, 'Huatusco', 'Huatusco de Chicuellar'),
(2153, 30, 'Huayacocotla', 'Huayacocotla'),
(2154, 30, 'Hueyapan de Ocampo', 'Hueyapan de Ocampo'),
(2155, 30, 'Huiloapan de Cuauhtémoc', 'Huiloapan de Cuauhtémoc'),
(2156, 30, 'Ignacio de la Llave', 'Ignacio de la Llave'),
(2157, 30, 'Ilamatlán', 'Ilamatlán'),
(2158, 30, 'Isla', 'Isla'),
(2159, 30, 'Ixcatepec', 'Ixcatepec'),
(2160, 30, 'Ixhuacán de los Reyes', 'Ixhuacán de los Reyes'),
(2161, 30, 'Ixhuatlán del Café', 'Ixhuatlán del Café'),
(2162, 30, 'Ixhuatlancillo', 'Ixhuatlancillo'),
(2163, 30, 'Ixhuatlán del Sureste', 'Ixhuatlán del Sureste'),
(2164, 30, 'Ixhuatlán de Madero', 'Ixhuatlán de Madero'),
(2165, 30, 'Ixmatlahuacan', 'Ixmatlahuacan');
INSERT INTO `municipio` (`id_municipio`, `id_estado`, `municipio`, `nom_cab`) VALUES
(2166, 30, 'Ixtaczoquitlán', 'Ixtaczoquitlán'),
(2167, 30, 'Jalacingo', 'Jalacingo'),
(2168, 30, 'Xalapa', 'Xalapa-Enríquez'),
(2169, 30, 'Jalcomulco', 'Jalcomulco'),
(2170, 30, 'Jáltipan', 'Jáltipan de Morelos'),
(2171, 30, 'Jamapa', 'Jamapa'),
(2172, 30, 'Jesús Carranza', 'Jesús Carranza'),
(2173, 30, 'Xico', 'Xico'),
(2174, 30, 'Jilotepec', 'Jilotepec'),
(2175, 30, 'Juan Rodríguez Clara', 'Juan Rodríguez Clara'),
(2176, 30, 'Juchique de Ferrer', 'Juchique de Ferrer'),
(2177, 30, 'Landero y Coss', 'Landero y Coss'),
(2178, 30, 'Lerdo de Tejada', 'Lerdo de Tejada'),
(2179, 30, 'Magdalena', 'Magdalena'),
(2180, 30, 'Maltrata', 'Maltrata'),
(2181, 30, 'Manlio Fabio Altamirano', 'Manlio Fabio Altamirano'),
(2182, 30, 'Mariano Escobedo', 'Mariano Escobedo'),
(2183, 30, 'Martínez de la Torre', 'Martínez de la Torre'),
(2184, 30, 'Mecatlán', 'Mecatlán'),
(2185, 30, 'Mecayapan', 'Mecayapan'),
(2186, 30, 'Medellín de Bravo', 'Medellín'),
(2187, 30, 'Miahuatlán', 'Miahuatlán'),
(2188, 30, 'Las Minas', 'Las Minas'),
(2189, 30, 'Minatitlán', 'Minatitlán'),
(2190, 30, 'Misantla', 'Misantla'),
(2191, 30, 'Mixtla de Altamirano', 'Mixtla de Altamirano'),
(2192, 30, 'Moloacán', 'Moloacán'),
(2193, 30, 'Naolinco', 'Naolinco de Victoria'),
(2194, 30, 'Naranjal', 'Naranjal'),
(2195, 30, 'Nautla', 'Nautla'),
(2196, 30, 'Nogales', 'Nogales'),
(2197, 30, 'Oluta', 'Oluta'),
(2198, 30, 'Omealca', 'Omealca'),
(2199, 30, 'Orizaba', 'Orizaba'),
(2200, 30, 'Otatitlán', 'Otatitlán'),
(2201, 30, 'Oteapan', 'Oteapan'),
(2202, 30, 'Ozuluama de Mascareñas', 'Ozuluama de Mascareñas'),
(2203, 30, 'Pajapan', 'Pajapan'),
(2204, 30, 'Pánuco', 'Pánuco'),
(2205, 30, 'Papantla', 'Papantla de Olarte'),
(2206, 30, 'Paso del Macho', 'Paso del Macho'),
(2207, 30, 'Paso de Ovejas', 'Paso de Ovejas'),
(2208, 30, 'La Perla', 'La Perla'),
(2209, 30, 'Perote', 'Perote'),
(2210, 30, 'Platón Sánchez', 'Platón Sánchez'),
(2211, 30, 'Playa Vicente', 'Playa Vicente'),
(2212, 30, 'Poza Rica de Hidalgo', 'Poza Rica de Hidalgo'),
(2213, 30, 'Las Vigas de Ramírez', 'Las Vigas de Ramírez'),
(2214, 30, 'Pueblo Viejo', 'Cd. Cuauhtémoc'),
(2215, 30, 'Puente Nacional', 'Puente Nacional'),
(2216, 30, 'Rafael Delgado', 'Rafael Delgado'),
(2217, 30, 'Rafael Lucio', 'Rafael Lucio'),
(2218, 30, 'Los Reyes', 'Los Reyes'),
(2219, 30, 'Río Blanco', 'Río Blanco'),
(2220, 30, 'Saltabarranca', 'Saltabarranca'),
(2221, 30, 'San Andrés Tenejapan', 'San Andrés Tenejapan'),
(2222, 30, 'San Andrés Tuxtla', 'San Andrés Tuxtla'),
(2223, 30, 'San Juan Evangelista', 'San Juan Evangelista'),
(2224, 30, 'Santiago Tuxtla', 'Santiago Tuxtla'),
(2225, 30, 'Sayula de Alemán', 'Sayula de Alemán'),
(2226, 30, 'Soconusco', 'Soconusco'),
(2227, 30, 'Sochiapa', 'Sochiapa'),
(2228, 30, 'Soledad Atzompa', 'Soledad Atzompa'),
(2229, 30, 'Soledad de Doblado', 'Soledad de Doblado'),
(2230, 30, 'Soteapan', 'Soteapan'),
(2231, 30, 'Tamalín', 'Tamalín'),
(2232, 30, 'Tamiahua', 'Tamiahua'),
(2233, 30, 'Tampico Alto', 'Tampico Alto'),
(2234, 30, 'Tancoco', 'Tancoco'),
(2235, 30, 'Tantima', 'Tantima'),
(2236, 30, 'Tantoyuca', 'Tantoyuca'),
(2237, 30, 'Tatatila', 'Tatatila'),
(2238, 30, 'Castillo de Teayo', 'Castillo de Teayo'),
(2239, 30, 'Tecolutla', 'Tecolutla'),
(2240, 30, 'Tehuipango', 'Tehuipango'),
(2241, 30, 'Álamo Temapache', 'Álamo'),
(2242, 30, 'Tempoal', 'Tempoal de Sánchez'),
(2243, 30, 'Tenampa', 'Tenampa'),
(2244, 30, 'Tenochtitlán', 'Tenochtitlán'),
(2245, 30, 'Teocelo', 'Teocelo'),
(2246, 30, 'Tepatlaxco', 'Tepatlaxco'),
(2247, 30, 'Tepetlán', 'Tepetlán'),
(2248, 30, 'Tepetzintla', 'Tepetzintla'),
(2249, 30, 'Tequila', 'Tequila'),
(2250, 30, 'José Azueta', 'Villa Azueta'),
(2251, 30, 'Texcatepec', 'Texcatepec'),
(2252, 30, 'Texhuacán', 'Texhuacán'),
(2253, 30, 'Texistepec', 'Texistepec'),
(2254, 30, 'Tezonapa', 'Tezonapa'),
(2255, 30, 'Tierra Blanca', 'Tierra Blanca'),
(2256, 30, 'Tihuatlán', 'Tihuatlán'),
(2257, 30, 'Tlacojalpan', 'Tlacojalpan'),
(2258, 30, 'Tlacolulan', 'Tlacolulan'),
(2259, 30, 'Tlacotalpan', 'Tlacotalpan'),
(2260, 30, 'Tlacotepec de Mejía', 'Tlacotepec de Mejía'),
(2261, 30, 'Tlachichilco', 'Tlachichilco'),
(2262, 30, 'Tlalixcoyan', 'Tlalixcoyan'),
(2263, 30, 'Tlalnelhuayocan', 'Tlalnelhuayocan'),
(2264, 30, 'Tlapacoyan', 'Tlapacoyan'),
(2265, 30, 'Tlaquilpa', 'Tlaquilpa'),
(2266, 30, 'Tlilapan', 'Tlilapan'),
(2267, 30, 'Tomatlán', 'Tomatlán'),
(2268, 30, 'Tonayán', 'Tonayán'),
(2269, 30, 'Totutla', 'Totutla'),
(2270, 30, 'Tuxpan', 'Túxpam de Rodríguez Cano'),
(2271, 30, 'Tuxtilla', 'Tuxtilla'),
(2272, 30, 'Ursulo Galván', 'Ursulo Galván'),
(2273, 30, 'Vega de Alatorre', 'Vega de Alatorre'),
(2274, 30, 'Veracruz', 'Veracruz'),
(2275, 30, 'Villa Aldama', 'Villa Aldama'),
(2276, 30, 'Xoxocotla', 'Xoxocotla'),
(2277, 30, 'Yanga', 'Yanga'),
(2278, 30, 'Yecuatla', 'Yecuatla'),
(2279, 30, 'Zacualpan', 'Zacualpan'),
(2280, 30, 'Zaragoza', 'Zaragoza'),
(2281, 30, 'Zentla', 'Colonia Manuel González'),
(2282, 30, 'Zongolica', 'Zongolica'),
(2283, 30, 'Zontecomatlán de López y Fuentes', 'Zontecomatlán de López y Fuentes'),
(2284, 30, 'Zozocolco de Hidalgo', 'Zozocolco de Hidalgo'),
(2285, 30, 'Agua Dulce', 'Agua Dulce'),
(2286, 30, 'El Higo', 'El Higo'),
(2287, 30, 'Nanchital de Lázaro Cárdenas del Río', 'Nanchital de Lázaro Cárdenas del Río'),
(2288, 30, 'Tres Valles', 'Tres Valles'),
(2289, 30, 'Carlos A. Carrillo', 'Carlos A. Carrillo'),
(2290, 30, 'Tatahuicapan de Juárez', 'Tatahuicapan'),
(2291, 30, 'Uxpanapa', 'Poblado 10'),
(2292, 30, 'San Rafael', 'San Rafael'),
(2293, 30, 'Santiago Sochiapan', 'Xochiapa'),
(2294, 31, 'Abalá', 'Abalá'),
(2295, 31, 'Acanceh', 'Acanceh'),
(2296, 31, 'Akil', 'Akil'),
(2297, 31, 'Baca', 'Baca'),
(2298, 31, 'Bokobá', 'Bokobá'),
(2299, 31, 'Buctzotz', 'Buctzotz'),
(2300, 31, 'Cacalchén', 'Cacalchén'),
(2301, 31, 'Calotmul', 'Calotmul'),
(2302, 31, 'Cansahcab', 'Cansahcab'),
(2303, 31, 'Cantamayec', 'Cantamayec'),
(2304, 31, 'Celestún', 'Celestún'),
(2305, 31, 'Cenotillo', 'Cenotillo'),
(2306, 31, 'Conkal', 'Conkal'),
(2307, 31, 'Cuncunul', 'Cuncunul'),
(2308, 31, 'Cuzamá', 'Cuzamá'),
(2309, 31, 'Chacsinkín', 'Chacsinkín'),
(2310, 31, 'Chankom', 'Chankom'),
(2311, 31, 'Chapab', 'Chapab'),
(2312, 31, 'Chemax', 'Chemax'),
(2313, 31, 'Chicxulub Pueblo', 'Chicxulub Pueblo'),
(2314, 31, 'Chichimilá', 'Chichimilá'),
(2315, 31, 'Chikindzonot', 'Chikindzonot'),
(2316, 31, 'Chocholá', 'Chocholá'),
(2317, 31, 'Chumayel', 'Chumayel'),
(2318, 31, 'Dzán', 'Dzán'),
(2319, 31, 'Dzemul', 'Dzemul'),
(2320, 31, 'Dzidzantún', 'Dzidzantún'),
(2321, 31, 'Dzilam de Bravo', 'Dzilam de Bravo'),
(2322, 31, 'Dzilam González', 'Dzilam González'),
(2323, 31, 'Dzitás', 'Dzitás'),
(2324, 31, 'Dzoncauich', 'Dzoncauich'),
(2325, 31, 'Espita', 'Espita'),
(2326, 31, 'Halachó', 'Halachó'),
(2327, 31, 'Hocabá', 'Hocabá'),
(2328, 31, 'Hoctún', 'Hoctún'),
(2329, 31, 'Homún', 'Homún'),
(2330, 31, 'Huhí', 'Huhí'),
(2331, 31, 'Hunucmá', 'Hunucmá'),
(2332, 31, 'Ixil', 'Ixil'),
(2333, 31, 'Izamal', 'Izamal'),
(2334, 31, 'Kanasín', 'Kanasín'),
(2335, 31, 'Kantunil', 'Kantunil'),
(2336, 31, 'Kaua', 'Kaua'),
(2337, 31, 'Kinchil', 'Kinchil'),
(2338, 31, 'Kopomá', 'Kopomá'),
(2339, 31, 'Mama', 'Mama'),
(2340, 31, 'Maní', 'Maní'),
(2341, 31, 'Maxcanú', 'Maxcanú'),
(2342, 31, 'Mayapán', 'Mayapán'),
(2343, 31, 'Mérida', 'Mérida'),
(2344, 31, 'Mocochá', 'Mocochá'),
(2345, 31, 'Motul', 'Motul de Carrillo Puerto'),
(2346, 31, 'Muna', 'Muna'),
(2347, 31, 'Muxupip', 'Muxupip'),
(2348, 31, 'Opichén', 'Opichén'),
(2349, 31, 'Oxkutzcab', 'Oxkutzcab'),
(2350, 31, 'Panabá', 'Panabá'),
(2351, 31, 'Peto', 'Peto'),
(2352, 31, 'Progreso', 'Progreso'),
(2353, 31, 'Quintana Roo', 'Quintana Roo'),
(2354, 31, 'Río Lagartos', 'Río Lagartos'),
(2355, 31, 'Sacalum', 'Sacalum'),
(2356, 31, 'Samahil', 'Samahil'),
(2357, 31, 'Sanahcat', 'Sanahcat'),
(2358, 31, 'San Felipe', 'San Felipe'),
(2359, 31, 'Santa Elena', 'Santa Elena'),
(2360, 31, 'Seyé', 'Seyé'),
(2361, 31, 'Sinanché', 'Sinanché'),
(2362, 31, 'Sotuta', 'Sotuta'),
(2363, 31, 'Sucilá', 'Sucilá'),
(2364, 31, 'Sudzal', 'Sudzal'),
(2365, 31, 'Suma', 'Suma'),
(2366, 31, 'Tahdziú', 'Tahdziú'),
(2367, 31, 'Tahmek', 'Tahmek'),
(2368, 31, 'Teabo', 'Teabo'),
(2369, 31, 'Tecoh', 'Tecoh'),
(2370, 31, 'Tekal de Venegas', 'Tekal de Venegas'),
(2371, 31, 'Tekantó', 'Tekantó'),
(2372, 31, 'Tekax', 'Tekax de Álvaro Obregón'),
(2373, 31, 'Tekit', 'Tekit'),
(2374, 31, 'Tekom', 'Tekom'),
(2375, 31, 'Telchac Pueblo', 'Telchac'),
(2376, 31, 'Telchac Puerto', 'Telchac Puerto'),
(2377, 31, 'Temax', 'Temax'),
(2378, 31, 'Temozón', 'Temozón'),
(2379, 31, 'Tepakán', 'Tepakán'),
(2380, 31, 'Tetiz', 'Tetiz'),
(2381, 31, 'Teya', 'Teya'),
(2382, 31, 'Ticul', 'Ticul'),
(2383, 31, 'Timucuy', 'Timucuy'),
(2384, 31, 'Tinum', 'Tinum'),
(2385, 31, 'Tixcacalcupul', 'Tixcacalcupul'),
(2386, 31, 'Tixkokob', 'Tixkokob'),
(2387, 31, 'Tixmehuac', 'Tixmehuac'),
(2388, 31, 'Tixpéhual', 'Tixpéhual'),
(2389, 31, 'Tizimín', 'Tizimín'),
(2390, 31, 'Tunkás', 'Tunkás'),
(2391, 31, 'Tzucacab', 'Tzucacab'),
(2392, 31, 'Uayma', 'Uayma'),
(2393, 31, 'Ucú', 'Ucú'),
(2394, 31, 'Umán', 'Umán'),
(2395, 31, 'Valladolid', 'Valladolid'),
(2396, 31, 'Xocchel', 'Xocchel'),
(2397, 31, 'Yaxcabá', 'Yaxcabá'),
(2398, 31, 'Yaxkukul', 'Yaxkukul'),
(2399, 31, 'Yobaín', 'Yobaín'),
(2400, 32, 'Apozol', 'Apozol'),
(2401, 32, 'Apulco', 'Apulco'),
(2402, 32, 'Atolinga', 'Atolinga'),
(2403, 32, 'Benito Juárez', 'Florencia'),
(2404, 32, 'Calera', 'Víctor Rosales'),
(2405, 32, 'Cañitas de Felipe Pescador', 'Cañitas de Felipe Pescador'),
(2406, 32, 'Concepción del Oro', 'Concepción del Oro'),
(2407, 32, 'Cuauhtémoc', 'San Pedro Piedra Gorda'),
(2408, 32, 'Chalchihuites', 'Chalchihuites'),
(2409, 32, 'Fresnillo', 'Fresnillo'),
(2410, 32, 'Trinidad García de la Cadena', 'Trinidad García de la Cadena'),
(2411, 32, 'Genaro Codina', 'Genaro Codina'),
(2412, 32, 'General Enrique Estrada', 'General Enrique Estrada'),
(2413, 32, 'General Francisco R. Murguía', 'Nieves'),
(2414, 32, 'El Plateado de Joaquín Amaro', 'El Plateado de Joaquín Amaro'),
(2415, 32, 'General Pánfilo Natera', 'General Pánfilo Natera'),
(2416, 32, 'Guadalupe', 'Guadalupe'),
(2417, 32, 'Huanusco', 'Huanusco'),
(2418, 32, 'Jalpa', 'Jalpa'),
(2419, 32, 'Jerez', 'Jerez de García Salinas'),
(2420, 32, 'Jiménez del Teul', 'Jiménez del Teul'),
(2421, 32, 'Juan Aldama', 'Juan Aldama'),
(2422, 32, 'Juchipila', 'Juchipila'),
(2423, 32, 'Loreto', 'Loreto'),
(2424, 32, 'Luis Moya', 'Luis Moya'),
(2425, 32, 'Mazapil', 'Mazapil'),
(2426, 32, 'Melchor Ocampo', 'Melchor Ocampo'),
(2427, 32, 'Mezquital del Oro', 'Mezquital del Oro'),
(2428, 32, 'Miguel Auza', 'Miguel Auza'),
(2429, 32, 'Momax', 'Momax'),
(2430, 32, 'Monte Escobedo', 'Monte Escobedo'),
(2431, 32, 'Morelos', 'Morelos'),
(2432, 32, 'Moyahua de Estrada', 'Moyahua de Estrada'),
(2433, 32, 'Nochistlán de Mejía', 'Nochistlán de Mejía'),
(2434, 32, 'Noria de Ángeles', 'Noria de Ángeles'),
(2435, 32, 'Ojocaliente', 'Ojocaliente'),
(2436, 32, 'Pánuco', 'Pánuco'),
(2437, 32, 'Pinos', 'Pinos'),
(2438, 32, 'Río Grande', 'Río Grande'),
(2439, 32, 'Sain Alto', 'Sain Alto'),
(2440, 32, 'El Salvador', 'El Salvador'),
(2441, 32, 'Sombrerete', 'Sombrerete'),
(2442, 32, 'Susticacán', 'Susticacán'),
(2443, 32, 'Tabasco', 'Tabasco'),
(2444, 32, 'Tepechitlán', 'Tepechitlán'),
(2445, 32, 'Tepetongo', 'Tepetongo'),
(2446, 32, 'Teúl de González Ortega', 'Teúl de González Ortega'),
(2447, 32, 'Tlaltenango de Sánchez Román', 'Tlaltenango de Sánchez Román'),
(2448, 32, 'Valparaíso', 'Valparaíso'),
(2449, 32, 'Vetagrande', 'Vetagrande'),
(2450, 32, 'Villa de Cos', 'Villa de Cos'),
(2451, 32, 'Villa García', 'Villa García'),
(2452, 32, 'Villa González Ortega', 'Villa González Ortega'),
(2453, 32, 'Villa Hidalgo', 'Villa Hidalgo'),
(2454, 32, 'Villanueva', 'Villanueva'),
(2455, 32, 'Zacatecas', 'Zacatecas'),
(2456, 32, 'Trancoso', 'Trancoso'),
(2457, 32, 'Santa María de la Paz', 'Santa María de la Paz');

-- --------------------------------------------------------

--
-- Estructura de tabla para la tabla `pedido_usuario`
--

CREATE TABLE `pedido_usuario` (
  `id_pedido_usuario` int(11) NOT NULL,
  `id_producto_detalle` int(11) NOT NULL,
  `id_usuario_detalle` int(11) NOT NULL,
  `cantidad` int(11) NOT NULL,
  `subtotal` float NOT NULL,
  `folio` varchar(150) NOT NULL,
  `fecha_alta` datetime NOT NULL,
  `activo` bit(1) NOT NULL
) ENGINE=InnoDB DEFAULT CHARSET=utf8;

--
-- Volcado de datos para la tabla `pedido_usuario`
--

INSERT INTO `pedido_usuario` (`id_pedido_usuario`, `id_producto_detalle`, `id_usuario_detalle`, `cantidad`, `subtotal`, `folio`, `fecha_alta`, `activo`) VALUES
(1, 2, 2, 1, 5, 'MIRENNAY0000000001', '2019-04-30 10:43:31', b'1');

-- --------------------------------------------------------

--
-- Estructura de tabla para la tabla `producto`
--

CREATE TABLE `producto` (
  `id_producto` int(11) NOT NULL,
  `id_proveedor` int(11) NOT NULL,
  `id_sub_categoria` int(11) NOT NULL,
  `id_genero` int(11) DEFAULT NULL,
  `producto` varchar(200) NOT NULL,
  `descripcion` text NOT NULL,
  `observacion` text NOT NULL,
  `precio` float NOT NULL,
  `imagen_principal` varchar(150) NOT NULL,
  `activo_oferta` bit(1) NOT NULL,
  `precio_oferta` float DEFAULT NULL,
  `titulo` varchar(50) DEFAULT NULL,
  `sub_titulo` varchar(100) DEFAULT NULL,
  `fecha_fin_oferta` datetime DEFAULT NULL,
  `imagen_oferta` varchar(100) DEFAULT NULL,
  `fecha_alta` datetime NOT NULL,
  `activo` bit(1) NOT NULL
) ENGINE=InnoDB DEFAULT CHARSET=utf8;

--
-- Volcado de datos para la tabla `producto`
--

INSERT INTO `producto` (`id_producto`, `id_proveedor`, `id_sub_categoria`, `id_genero`, `producto`, `descripcion`, `observacion`, `precio`, `imagen_principal`, `activo_oferta`, `precio_oferta`, `titulo`, `sub_titulo`, `fecha_fin_oferta`, `imagen_oferta`, `fecha_alta`, `activo`) VALUES
(2, 1, 1, 1, 'codigo', 'pp', '<p><strong>Aqui son las observaciones</strong></p><ol><li><strong>Observacion 1</strong></li><li><strong>Observacíón 2</strong></li></ol>', 5, '46-17fondoPantalla1.jpg.webp', b'0', 0, '', '', '0000-00-00 00:00:00', '', '2019-04-26 18:46:18', b'1');

-- --------------------------------------------------------

--
-- Estructura de tabla para la tabla `producto_comentario`
--

CREATE TABLE `producto_comentario` (
  `id_producto_comentario` int(11) NOT NULL,
  `id_producto` int(11) NOT NULL,
  `id_usuario` int(11) NOT NULL,
  `comentario` varchar(200) NOT NULL,
  `cantidad_estrella` int(11) NOT NULL,
  `fecha_alta` datetime NOT NULL,
  `activo` bit(1) NOT NULL
) ENGINE=InnoDB DEFAULT CHARSET=utf8;

-- --------------------------------------------------------

--
-- Estructura de tabla para la tabla `producto_detalle`
--

CREATE TABLE `producto_detalle` (
  `id_producto_detalle` int(11) NOT NULL,
  `id_producto` int(11) NOT NULL,
  `id_talla` int(11) DEFAULT NULL,
  `codigo` varchar(200) NOT NULL,
  `color` varchar(50) DEFAULT NULL,
  `imagen1` varchar(100) DEFAULT NULL,
  `imagen2` varchar(100) DEFAULT NULL,
  `imagen3` varchar(100) DEFAULT NULL,
  `imagen4` varchar(100) DEFAULT NULL,
  `imagen5` varchar(100) DEFAULT NULL,
  `imagen6` varchar(100) DEFAULT NULL,
  `imagen7` varchar(100) DEFAULT NULL,
  `cantidad` int(11) NOT NULL,
  `cantidad_alerta` int(11) NOT NULL,
  `activo` bit(1) NOT NULL
) ENGINE=InnoDB DEFAULT CHARSET=utf8;

--
-- Volcado de datos para la tabla `producto_detalle`
--

INSERT INTO `producto_detalle` (`id_producto_detalle`, `id_producto`, `id_talla`, `codigo`, `color`, `imagen1`, `imagen2`, `imagen3`, `imagen4`, `imagen5`, `imagen6`, `imagen7`, `cantidad`, `cantidad_alerta`, `activo`) VALUES
(2, 2, 1, 'llllllllllllllll', 'Verde', '', '', '', '', '', '', NULL, 0, 1, b'1');

-- --------------------------------------------------------

--
-- Estructura de tabla para la tabla `producto_favorito`
--

CREATE TABLE `producto_favorito` (
  `id_producto_favorito` int(11) NOT NULL,
  `id_producto` int(11) NOT NULL,
  `id_usuario` int(11) NOT NULL,
  `fecha_alta` datetime NOT NULL,
  `activo` bit(1) NOT NULL
) ENGINE=InnoDB DEFAULT CHARSET=utf8;

-- --------------------------------------------------------

--
-- Estructura de tabla para la tabla `producto_genero`
--

CREATE TABLE `producto_genero` (
  `id_genero` int(11) NOT NULL,
  `genero` varchar(150) NOT NULL,
  `fecha_alta` datetime NOT NULL,
  `activo` bit(1) NOT NULL
) ENGINE=InnoDB DEFAULT CHARSET=utf8;

--
-- Volcado de datos para la tabla `producto_genero`
--

INSERT INTO `producto_genero` (`id_genero`, `genero`, `fecha_alta`, `activo`) VALUES
(1, 'Hombre', '2019-04-26 00:00:00', b'1');

-- --------------------------------------------------------

--
-- Estructura de tabla para la tabla `producto_talla`
--

CREATE TABLE `producto_talla` (
  `id_talla` int(11) NOT NULL,
  `talla` varchar(150) NOT NULL,
  `fecha_alta` datetime NOT NULL,
  `activo` bit(1) NOT NULL
) ENGINE=InnoDB DEFAULT CHARSET=utf8;

--
-- Volcado de datos para la tabla `producto_talla`
--

INSERT INTO `producto_talla` (`id_talla`, `talla`, `fecha_alta`, `activo`) VALUES
(1, 'Xl', '2019-04-26 00:00:00', b'1');

-- --------------------------------------------------------

--
-- Estructura de tabla para la tabla `proveedor`
--

CREATE TABLE `proveedor` (
  `id_proveedor` int(11) NOT NULL,
  `id_empresa` int(11) NOT NULL,
  `id_municipio` int(11) NOT NULL,
  `proveedor` varchar(150) NOT NULL,
  `direccion` varchar(150) NOT NULL,
  `codigo_postal` varchar(10) NOT NULL,
  `celular` varchar(20) DEFAULT NULL,
  `observacion` text,
  `fecha_alta` datetime NOT NULL,
  `activo` bit(1) NOT NULL
) ENGINE=InnoDB DEFAULT CHARSET=utf8;

--
-- Volcado de datos para la tabla `proveedor`
--

INSERT INTO `proveedor` (`id_proveedor`, `id_empresa`, `id_municipio`, `proveedor`, `direccion`, `codigo_postal`, `celular`, `observacion`, `fecha_alta`, `activo`) VALUES
(1, 1, 942, 'Rigoberto Villa Rodriguez', 'Calle Francisco Villa #27', '63300', '3231153678', '¡El mejor!', '2019-04-26 00:00:00', b'1');

-- --------------------------------------------------------

--
-- Estructura de tabla para la tabla `rol`
--

CREATE TABLE `rol` (
  `id_rol` int(11) NOT NULL,
  `rol` varchar(20) NOT NULL,
  `fecha_alta` datetime NOT NULL,
  `activo` bit(1) NOT NULL
) ENGINE=InnoDB DEFAULT CHARSET=utf8;

--
-- Volcado de datos para la tabla `rol`
--

INSERT INTO `rol` (`id_rol`, `rol`, `fecha_alta`, `activo`) VALUES
(1, 'admin', '2019-04-26 00:00:00', b'1'),
(2, 'gerente', '2019-04-26 00:00:00', b'1'),
(3, 'cajero', '2019-04-26 00:00:00', b'1');

-- --------------------------------------------------------

--
-- Estructura de tabla para la tabla `sub_categoria`
--

CREATE TABLE `sub_categoria` (
  `id_sub_categoria` int(11) NOT NULL,
  `id_categoria` int(11) NOT NULL,
  `sub_categoria` varchar(150) NOT NULL,
  `fecha_alta` datetime NOT NULL,
  `activo` bit(1) NOT NULL
) ENGINE=InnoDB DEFAULT CHARSET=utf8;

--
-- Volcado de datos para la tabla `sub_categoria`
--

INSERT INTO `sub_categoria` (`id_sub_categoria`, `id_categoria`, `sub_categoria`, `fecha_alta`, `activo`) VALUES
(1, 1, 'Celular', '2019-04-26 00:00:00', b'1'),
(2, 1, 'Laptos', '2019-04-29 16:15:11', b'1');

-- --------------------------------------------------------

--
-- Estructura de tabla para la tabla `usuario`
--

CREATE TABLE `usuario` (
  `id_usuario` int(11) NOT NULL,
  `usuario` varchar(150) NOT NULL,
  `password` varchar(200) NOT NULL,
  `correo` varchar(150) NOT NULL,
  `imagen` varchar(150) NOT NULL,
  `password_modificacion_activo` bit(1) DEFAULT NULL,
  `codigo_verificacion` varchar(150) DEFAULT NULL,
  `password_modificacion` varchar(150) DEFAULT NULL,
  `fecha_limite_verificacion` datetime DEFAULT NULL,
  `fecha_inicio` datetime DEFAULT NULL,
  `fecha_fin` datetime DEFAULT NULL,
  `fecha_alta` datetime NOT NULL,
  `activo` bit(1) NOT NULL
) ENGINE=InnoDB DEFAULT CHARSET=utf8;

--
-- Volcado de datos para la tabla `usuario`
--

INSERT INTO `usuario` (`id_usuario`, `usuario`, `password`, `correo`, `imagen`, `password_modificacion_activo`, `codigo_verificacion`, `password_modificacion`, `fecha_limite_verificacion`, `fecha_inicio`, `fecha_fin`, `fecha_alta`, `activo`) VALUES
(16, 'rigoBoykaa42', '$2y$15$VGK3FiJ5a9rNz9tc5PnTpu6auh9zyRrHXT6rtV5sWrUjk6vn98f2m', 'rigo.villa52@gmail.com', '', b'1', '1556427224IcAYDDSP', '$2y$15$xHRePqiLjAikeahNAv22n..AVKu7B80uMnrqUT6lLGGJRstq7vqpq', '2019-04-28 23:53:44', NULL, NULL, '2019-04-26 22:22:02', b'1');

-- --------------------------------------------------------

--
-- Estructura de tabla para la tabla `usuario_detalle`
--

CREATE TABLE `usuario_detalle` (
  `id_usuario_detalle` int(11) NOT NULL,
  `id_usuario` int(11) NOT NULL,
  `id_municipio` int(11) NOT NULL,
  `nombre_completo` varchar(250) NOT NULL,
  `direccion` varchar(500) NOT NULL,
  `observacion` varchar(500) DEFAULT NULL,
  `codigo_postal` varchar(10) NOT NULL,
  `celular` varchar(20) DEFAULT NULL,
  `fecha_alta` datetime NOT NULL,
  `activo` bit(1) NOT NULL
) ENGINE=InnoDB DEFAULT CHARSET=utf8;

--
-- Volcado de datos para la tabla `usuario_detalle`
--

INSERT INTO `usuario_detalle` (`id_usuario_detalle`, `id_usuario`, `id_municipio`, `nombre_completo`, `direccion`, `observacion`, `codigo_postal`, `celular`, `fecha_alta`, `activo`) VALUES
(1, 16, 285, 'Rigoberto Villa Rodriguez', 'Francisco Villa #27', '', '63300', '32311355316', '2019-04-27 23:44:41', b'1'),
(2, 16, 942, 'Fernando Diaz Barrera', 'Por ahi', '', '63300', '3231153678', '2019-04-30 10:43:31', b'1');

-- --------------------------------------------------------

--
-- Estructura de tabla para la tabla `venta_fisica`
--

CREATE TABLE `venta_fisica` (
  `id_venta_fisica` int(11) NOT NULL,
  `id_producto_detalle` int(11) NOT NULL,
  `id_empleado` int(11) NOT NULL,
  `cantidad` int(11) NOT NULL,
  `subtotal` float NOT NULL,
  `folio` varchar(150) NOT NULL,
  `fecha_alta` datetime NOT NULL,
  `activo` bit(1) NOT NULL
) ENGINE=InnoDB DEFAULT CHARSET=utf8;

--
-- Volcado de datos para la tabla `venta_fisica`
--

INSERT INTO `venta_fisica` (`id_venta_fisica`, `id_producto_detalle`, `id_empleado`, `cantidad`, `subtotal`, `folio`, `fecha_alta`, `activo`) VALUES
(1, 2, 1, 1, 5, 'MIRENNAY0000000001', '2019-04-29 21:38:00', b'1'),
(2, 2, 1, 1, 5, 'MIRENNAY0000000002', '2019-04-29 21:44:29', b'1'),
(3, 2, 1, 1, 5, 'MIRENNAY0000000003', '2019-04-29 22:08:28', b'1'),
(4, 2, 1, 1, 5, 'MIRENNAY0000000004', '2019-04-29 22:12:36', b'1'),
(5, 2, 1, 1, 5, 'MIRENNAY0000000005', '2019-04-29 22:17:42', b'1'),
(6, 2, 1, 1, 5, 'MIRENNAY0000000006', '2019-04-29 22:18:30', b'1'),
(7, 2, 1, 1, 5, 'MIRENNAY0000000007', '2019-04-29 22:21:37', b'1'),
(8, 2, 1, 1, 5, 'MIRENNAY0000000008', '2019-04-29 22:24:44', b'1'),
(9, 2, 1, 1, 5, 'MIRENNAY0000000009', '2019-04-29 22:29:20', b'1'),
(10, 2, 1, 1, 5, 'MIRENNAY0000000010', '2019-04-29 22:33:12', b'1'),
(11, 2, 1, 1, 5, 'MIRENNAY0000000011', '2019-04-29 22:34:32', b'1');

-- --------------------------------------------------------

--
-- Estructura de tabla para la tabla `venta_online`
--

CREATE TABLE `venta_online` (
  `id_venta_online` int(11) NOT NULL,
  `id_pedido_usuario` int(11) NOT NULL,
  `fecha_alta` datetime NOT NULL,
  `activo` bit(1) NOT NULL
) ENGINE=InnoDB DEFAULT CHARSET=utf8;

--
-- Índices para tablas volcadas
--

--
-- Indices de la tabla `categoria`
--
ALTER TABLE `categoria`
  ADD PRIMARY KEY (`id_categoria`);

--
-- Indices de la tabla `empleado`
--
ALTER TABLE `empleado`
  ADD PRIMARY KEY (`id_empleado`),
  ADD KEY `id_rol` (`id_rol`);

--
-- Indices de la tabla `empresa`
--
ALTER TABLE `empresa`
  ADD PRIMARY KEY (`id_empresa`);

--
-- Indices de la tabla `estado`
--
ALTER TABLE `estado`
  ADD PRIMARY KEY (`id_estado`);

--
-- Indices de la tabla `municipio`
--
ALTER TABLE `municipio`
  ADD PRIMARY KEY (`id_municipio`),
  ADD KEY `id_estado` (`id_estado`);

--
-- Indices de la tabla `pedido_usuario`
--
ALTER TABLE `pedido_usuario`
  ADD PRIMARY KEY (`id_pedido_usuario`),
  ADD KEY `id_producto_detalle` (`id_producto_detalle`),
  ADD KEY `id_usuario_detalle` (`id_usuario_detalle`);

--
-- Indices de la tabla `producto`
--
ALTER TABLE `producto`
  ADD PRIMARY KEY (`id_producto`),
  ADD KEY `id_proveedor` (`id_proveedor`),
  ADD KEY `id_sub_categoria` (`id_sub_categoria`),
  ADD KEY `id_genero` (`id_genero`);

--
-- Indices de la tabla `producto_comentario`
--
ALTER TABLE `producto_comentario`
  ADD PRIMARY KEY (`id_producto_comentario`),
  ADD KEY `id_producto` (`id_producto`),
  ADD KEY `id_usuario` (`id_usuario`);

--
-- Indices de la tabla `producto_detalle`
--
ALTER TABLE `producto_detalle`
  ADD PRIMARY KEY (`id_producto_detalle`),
  ADD KEY `id_producto` (`id_producto`),
  ADD KEY `id_talla` (`id_talla`);

--
-- Indices de la tabla `producto_favorito`
--
ALTER TABLE `producto_favorito`
  ADD PRIMARY KEY (`id_producto_favorito`),
  ADD KEY `id_producto` (`id_producto`),
  ADD KEY `id_usuario` (`id_usuario`);

--
-- Indices de la tabla `producto_genero`
--
ALTER TABLE `producto_genero`
  ADD PRIMARY KEY (`id_genero`);

--
-- Indices de la tabla `producto_talla`
--
ALTER TABLE `producto_talla`
  ADD PRIMARY KEY (`id_talla`);

--
-- Indices de la tabla `proveedor`
--
ALTER TABLE `proveedor`
  ADD PRIMARY KEY (`id_proveedor`),
  ADD KEY `id_empresa` (`id_empresa`),
  ADD KEY `id_municipio` (`id_municipio`);

--
-- Indices de la tabla `rol`
--
ALTER TABLE `rol`
  ADD PRIMARY KEY (`id_rol`);

--
-- Indices de la tabla `sub_categoria`
--
ALTER TABLE `sub_categoria`
  ADD PRIMARY KEY (`id_sub_categoria`),
  ADD KEY `id_categoria` (`id_categoria`);

--
-- Indices de la tabla `usuario`
--
ALTER TABLE `usuario`
  ADD PRIMARY KEY (`id_usuario`);

--
-- Indices de la tabla `usuario_detalle`
--
ALTER TABLE `usuario_detalle`
  ADD PRIMARY KEY (`id_usuario_detalle`),
  ADD KEY `id_usuario` (`id_usuario`),
  ADD KEY `id_municipio` (`id_municipio`);

--
-- Indices de la tabla `venta_fisica`
--
ALTER TABLE `venta_fisica`
  ADD PRIMARY KEY (`id_venta_fisica`),
  ADD KEY `id_producto_detalle` (`id_producto_detalle`),
  ADD KEY `id_empleado` (`id_empleado`);

--
-- Indices de la tabla `venta_online`
--
ALTER TABLE `venta_online`
  ADD PRIMARY KEY (`id_venta_online`),
  ADD KEY `id_pedido_usuario` (`id_pedido_usuario`);

--
-- AUTO_INCREMENT de las tablas volcadas
--

--
-- AUTO_INCREMENT de la tabla `categoria`
--
ALTER TABLE `categoria`
  MODIFY `id_categoria` int(11) NOT NULL AUTO_INCREMENT, AUTO_INCREMENT=4;

--
-- AUTO_INCREMENT de la tabla `empleado`
--
ALTER TABLE `empleado`
  MODIFY `id_empleado` int(11) NOT NULL AUTO_INCREMENT, AUTO_INCREMENT=2;

--
-- AUTO_INCREMENT de la tabla `empresa`
--
ALTER TABLE `empresa`
  MODIFY `id_empresa` int(11) NOT NULL AUTO_INCREMENT, AUTO_INCREMENT=2;

--
-- AUTO_INCREMENT de la tabla `estado`
--
ALTER TABLE `estado`
  MODIFY `id_estado` int(11) NOT NULL AUTO_INCREMENT, AUTO_INCREMENT=33;

--
-- AUTO_INCREMENT de la tabla `municipio`
--
ALTER TABLE `municipio`
  MODIFY `id_municipio` int(11) NOT NULL AUTO_INCREMENT, AUTO_INCREMENT=2458;

--
-- AUTO_INCREMENT de la tabla `pedido_usuario`
--
ALTER TABLE `pedido_usuario`
  MODIFY `id_pedido_usuario` int(11) NOT NULL AUTO_INCREMENT, AUTO_INCREMENT=2;

--
-- AUTO_INCREMENT de la tabla `producto`
--
ALTER TABLE `producto`
  MODIFY `id_producto` int(11) NOT NULL AUTO_INCREMENT, AUTO_INCREMENT=3;

--
-- AUTO_INCREMENT de la tabla `producto_comentario`
--
ALTER TABLE `producto_comentario`
  MODIFY `id_producto_comentario` int(11) NOT NULL AUTO_INCREMENT;

--
-- AUTO_INCREMENT de la tabla `producto_detalle`
--
ALTER TABLE `producto_detalle`
  MODIFY `id_producto_detalle` int(11) NOT NULL AUTO_INCREMENT, AUTO_INCREMENT=3;

--
-- AUTO_INCREMENT de la tabla `producto_favorito`
--
ALTER TABLE `producto_favorito`
  MODIFY `id_producto_favorito` int(11) NOT NULL AUTO_INCREMENT;

--
-- AUTO_INCREMENT de la tabla `producto_genero`
--
ALTER TABLE `producto_genero`
  MODIFY `id_genero` int(11) NOT NULL AUTO_INCREMENT, AUTO_INCREMENT=2;

--
-- AUTO_INCREMENT de la tabla `producto_talla`
--
ALTER TABLE `producto_talla`
  MODIFY `id_talla` int(11) NOT NULL AUTO_INCREMENT, AUTO_INCREMENT=2;

--
-- AUTO_INCREMENT de la tabla `proveedor`
--
ALTER TABLE `proveedor`
  MODIFY `id_proveedor` int(11) NOT NULL AUTO_INCREMENT, AUTO_INCREMENT=2;

--
-- AUTO_INCREMENT de la tabla `rol`
--
ALTER TABLE `rol`
  MODIFY `id_rol` int(11) NOT NULL AUTO_INCREMENT, AUTO_INCREMENT=4;

--
-- AUTO_INCREMENT de la tabla `sub_categoria`
--
ALTER TABLE `sub_categoria`
  MODIFY `id_sub_categoria` int(11) NOT NULL AUTO_INCREMENT, AUTO_INCREMENT=3;

--
-- AUTO_INCREMENT de la tabla `usuario`
--
ALTER TABLE `usuario`
  MODIFY `id_usuario` int(11) NOT NULL AUTO_INCREMENT, AUTO_INCREMENT=17;

--
-- AUTO_INCREMENT de la tabla `usuario_detalle`
--
ALTER TABLE `usuario_detalle`
  MODIFY `id_usuario_detalle` int(11) NOT NULL AUTO_INCREMENT, AUTO_INCREMENT=3;

--
-- AUTO_INCREMENT de la tabla `venta_fisica`
--
ALTER TABLE `venta_fisica`
  MODIFY `id_venta_fisica` int(11) NOT NULL AUTO_INCREMENT, AUTO_INCREMENT=12;

--
-- AUTO_INCREMENT de la tabla `venta_online`
--
ALTER TABLE `venta_online`
  MODIFY `id_venta_online` int(11) NOT NULL AUTO_INCREMENT;

--
-- Restricciones para tablas volcadas
--

--
-- Filtros para la tabla `empleado`
--
ALTER TABLE `empleado`
  ADD CONSTRAINT `empleado_ibfk_1` FOREIGN KEY (`id_rol`) REFERENCES `rol` (`id_rol`);

--
-- Filtros para la tabla `municipio`
--
ALTER TABLE `municipio`
  ADD CONSTRAINT `municipio_ibfk_1` FOREIGN KEY (`id_estado`) REFERENCES `estado` (`id_estado`);

--
-- Filtros para la tabla `pedido_usuario`
--
ALTER TABLE `pedido_usuario`
  ADD CONSTRAINT `pedido_usuario_ibfk_1` FOREIGN KEY (`id_producto_detalle`) REFERENCES `producto_detalle` (`id_producto_detalle`),
  ADD CONSTRAINT `pedido_usuario_ibfk_2` FOREIGN KEY (`id_usuario_detalle`) REFERENCES `usuario_detalle` (`id_usuario_detalle`);

--
-- Filtros para la tabla `producto`
--
ALTER TABLE `producto`
  ADD CONSTRAINT `producto_ibfk_1` FOREIGN KEY (`id_proveedor`) REFERENCES `proveedor` (`id_proveedor`),
  ADD CONSTRAINT `producto_ibfk_2` FOREIGN KEY (`id_sub_categoria`) REFERENCES `sub_categoria` (`id_sub_categoria`),
  ADD CONSTRAINT `producto_ibfk_3` FOREIGN KEY (`id_genero`) REFERENCES `producto_genero` (`id_genero`);

--
-- Filtros para la tabla `producto_comentario`
--
ALTER TABLE `producto_comentario`
  ADD CONSTRAINT `producto_comentario_ibfk_1` FOREIGN KEY (`id_producto`) REFERENCES `producto` (`id_producto`),
  ADD CONSTRAINT `producto_comentario_ibfk_2` FOREIGN KEY (`id_usuario`) REFERENCES `usuario` (`id_usuario`);

--
-- Filtros para la tabla `producto_detalle`
--
ALTER TABLE `producto_detalle`
  ADD CONSTRAINT `producto_detalle_ibfk_1` FOREIGN KEY (`id_producto`) REFERENCES `producto` (`id_producto`),
  ADD CONSTRAINT `producto_detalle_ibfk_2` FOREIGN KEY (`id_talla`) REFERENCES `producto_talla` (`id_talla`);

--
-- Filtros para la tabla `producto_favorito`
--
ALTER TABLE `producto_favorito`
  ADD CONSTRAINT `producto_favorito_ibfk_1` FOREIGN KEY (`id_producto`) REFERENCES `producto` (`id_producto`),
  ADD CONSTRAINT `producto_favorito_ibfk_2` FOREIGN KEY (`id_usuario`) REFERENCES `usuario` (`id_usuario`);

--
-- Filtros para la tabla `proveedor`
--
ALTER TABLE `proveedor`
  ADD CONSTRAINT `proveedor_ibfk_1` FOREIGN KEY (`id_empresa`) REFERENCES `empresa` (`id_empresa`),
  ADD CONSTRAINT `proveedor_ibfk_2` FOREIGN KEY (`id_municipio`) REFERENCES `municipio` (`id_municipio`);

--
-- Filtros para la tabla `sub_categoria`
--
ALTER TABLE `sub_categoria`
  ADD CONSTRAINT `sub_categoria_ibfk_1` FOREIGN KEY (`id_categoria`) REFERENCES `categoria` (`id_categoria`);

--
-- Filtros para la tabla `usuario_detalle`
--
ALTER TABLE `usuario_detalle`
  ADD CONSTRAINT `usuario_detalle_ibfk_1` FOREIGN KEY (`id_usuario`) REFERENCES `usuario` (`id_usuario`),
  ADD CONSTRAINT `usuario_detalle_ibfk_2` FOREIGN KEY (`id_municipio`) REFERENCES `municipio` (`id_municipio`);

--
-- Filtros para la tabla `venta_fisica`
--
ALTER TABLE `venta_fisica`
  ADD CONSTRAINT `venta_fisica_ibfk_1` FOREIGN KEY (`id_producto_detalle`) REFERENCES `producto_detalle` (`id_producto_detalle`),
  ADD CONSTRAINT `venta_fisica_ibfk_2` FOREIGN KEY (`id_empleado`) REFERENCES `empleado` (`id_empleado`);

--
-- Filtros para la tabla `venta_online`
--
ALTER TABLE `venta_online`
  ADD CONSTRAINT `venta_online_ibfk_1` FOREIGN KEY (`id_pedido_usuario`) REFERENCES `pedido_usuario` (`id_pedido_usuario`);
COMMIT;

/*!40101 SET CHARACTER_SET_CLIENT=@OLD_CHARACTER_SET_CLIENT */;
/*!40101 SET CHARACTER_SET_RESULTS=@OLD_CHARACTER_SET_RESULTS */;
/*!40101 SET COLLATION_CONNECTION=@OLD_COLLATION_CONNECTION */;
